sample,cagr,sharpe,max_drawdown,calmar,worst_21d,max_drawdown_days
0,0.28324584831941113,0.8104001947255004,-0.5845106424967803,0.4845862978807462,-0.27574687553414,527
1,0.12051336348457542,0.4897761463410122,-0.658059941022317,0.1831343255712452,-0.31717139560669405,981
2,0.013779478209378748,0.24608621192530525,-0.6737365648634303,0.02045232354603155,-0.31039810115625477,1192
3,0.2284911714245672,0.7185662131676563,-0.569840110805534,0.40097418046189987,-0.2957765508220379,726
4,0.28502064259196924,0.8300439856729614,-0.6396374011099456,0.4455972119475512,-0.3024991328983052,678
5,0.23997162993822374,0.7457290013404458,-0.39989767937919074,0.6000825769000725,-0.239053103148557,581
6,0.10463544942160352,0.44767880792256914,-0.5324633911583737,0.19651200657000883,-0.2806870804188921,596
7,0.40497348498642727,1.1026213902259765,-0.6209820963221435,0.652150017504436,-0.3139260421309854,413
8,0.08468323787792209,0.43511577235289545,-0.5790526804003013,0.14624444501211917,-0.32446698383230765,986
9,0.18277602964543282,0.6000234935292685,-0.605764759576691,0.30172773631327926,-0.29025810491492243,841
10,0.2222227021105545,0.7004206456470985,-0.597307928017978,0.3720404362419009,-0.27163173827711984,731
11,0.5676702674909562,1.3893783421248092,-0.3309128372673744,1.7154676505713315,-0.26247161221166626,321
12,0.3714131348886487,0.9795306704801433,-0.5842771839593627,0.6356796826666451,-0.30371038272117845,692
13,0.6411126857966245,1.453644126095143,-0.4067932405681164,1.5760160736723745,-0.31855465715158116,239
14,0.7002880980772559,1.567419429154105,-0.3390037268473646,2.065723892152249,-0.21842803695225943,231
15,0.5074268048424007,1.2924633021121885,-0.35607286451320186,1.425064517443977,-0.2533712701865617,461
16,0.45234659458064863,1.1143721817123562,-0.6069720772642521,0.7452510774786671,-0.27675192915168234,754
17,0.3455767547831252,0.9317204993780014,-0.5675867749303156,0.6088527253397558,-0.3355716737433777,565
18,0.008831158608985978,0.21584321062423975,-0.7799094567848233,0.011323312638613756,-0.2617509008208272,539
19,0.42790903377918577,1.0904592113373268,-0.3765863581318456,1.1362839479951945,-0.26393753590084323,328
20,0.6538160608483001,1.4129646025261586,-0.4252138094254808,1.5376171854147698,-0.2999568391868733,223
21,0.20240063737664116,0.6633941129233129,-0.5075576128508916,0.3987737199719663,-0.32902469902347253,369
22,0.9392744784172757,2.0190313096838963,-0.281603206006955,3.335453781708997,-0.17927754451731337,212
23,0.4125406632647457,1.0238284342081636,-0.4682339877863393,0.8810566384023214,-0.3224771851447926,268
24,0.43206078306817797,1.164248484542567,-0.4016850614688552,1.0756207400102131,-0.27218940273485415,591
25,0.6019656398934101,1.4547384193973096,-0.334203317819745,1.801195882256575,-0.21667890055637995,313
26,0.1921469082256697,0.649864794803147,-0.5467057929019119,0.35146309170377504,-0.35367531499555205,882
27,0.09624684036072062,0.4313382152042798,-0.5543280047310015,0.17362795951004906,-0.24991786530907112,439
28,0.5257217169489137,1.2928220526540526,-0.4395441512057048,1.1960612273120161,-0.25050849197343394,376
29,0.3323072819594788,0.9486952151649761,-0.5408498983130725,0.6144168335724115,-0.29446664633140274,482
30,0.24144567376386794,0.7356850141585128,-0.38834187552425115,0.6217348397927026,-0.2663712942719273,399
31,0.5691216279325311,1.3127633814638755,-0.3542298229930311,1.6066451523584102,-0.3157343283036761,326
32,0.20413273619378214,0.665449348876305,-0.42636614985615773,0.47877331786927735,-0.2816480503597393,370
33,0.5807487019425419,1.3971478996869742,-0.423063814425758,1.3727212825583206,-0.22828977515517268,246
34,0.6878651772041808,1.5212626939940446,-0.4113553628076053,1.6721920738052993,-0.2248755016295233,333
35,0.2198516375802917,0.6792924950288864,-0.4657514273961866,0.4720364225384911,-0.3281704106182143,398
36,0.026396600754668098,0.284254572180661,-0.7827032109710165,0.03372491690933611,-0.31296508206939966,1214
37,0.4486122580169365,1.1923307517409243,-0.6568596827132849,0.6829651291183797,-0.2902858649928175,555
38,0.03175613239797426,0.2735307022496707,-0.6105410040627568,0.05201310343884795,-0.2997417543834756,800
39,0.524602099313094,1.3273387199574647,-0.4092218540138127,1.2819503508123657,-0.2692229064177567,306
40,0.515719391751021,1.2598635146066057,-0.4617577542730351,1.1168613563684273,-0.24683906658820198,217
41,0.38143880206535474,0.9931298658181211,-0.4019527594902208,0.9489642577628201,-0.27063976559357084,276
42,0.6126214541725559,1.3558771309546591,-0.5255145860032824,1.1657553767094286,-0.31404925533461914,388
43,0.7888689263511821,1.7268602547564618,-0.47083665195791913,1.6754620165417518,-0.27308045582668505,482
44,0.33982721568098406,0.9399292737406931,-0.5011711873579351,0.6780661463650351,-0.3115519568910595,296
45,0.2999930078229398,0.8485671929402706,-0.4734736480390245,0.6336002205516914,-0.23027745698523372,409
46,0.14262034894653697,0.5405228450946408,-0.5709281590324514,0.24980436976209902,-0.3450615491569976,558
47,0.24741591175848932,0.7463117796750941,-0.5689173141061545,0.43488905263362027,-0.30576505339495363,582
48,0.42954394738428703,1.046434414710062,-0.3417091153078199,1.257045621968098,-0.24386873067300263,263
49,0.3694427190834402,0.993308392452014,-0.3439068664901499,1.0742522324543982,-0.22177541731214934,409
50,0.3239364077951068,0.8886483019229283,-0.4003682496244817,0.8090961461078325,-0.23184704294801317,326
51,0.2183225828956954,0.703713688943397,-0.5677282013191809,0.3845547612191857,-0.2668204873514316,783
52,0.4189163561500231,1.1026019319031812,-0.43147683963245576,0.9708895534389933,-0.2632364489998048,369
53,0.56143860609818,1.317829103336042,-0.29364800575818895,1.9119442158259001,-0.2748804391704526,167
54,0.3455901307242881,0.9198513668407566,-0.4161920034822175,0.8303622554801297,-0.2664796882080551,482
55,0.3848753547519377,1.0813423838644725,-0.4078411613406232,0.9436893360317185,-0.23120816509308328,421
56,0.13163896190555002,0.5215885171116249,-0.40442560183392706,0.3254961142633253,-0.27060794274883715,421
57,0.1025390698490718,0.43144102126163664,-0.5920633331601244,0.17318936016823044,-0.29614413306673637,648
58,0.4340735623577867,1.0892090719866983,-0.5449154787621779,0.7965887908778475,-0.2789795295496892,477
59,0.17662132313467604,0.6170456548064905,-0.4180647135956944,0.4224736443685714,-0.3135150576439748,461
60,0.020321927487094937,0.24747158469626654,-0.6745250430678822,0.030127758332984235,-0.29775301026968337,673
61,0.0344736923877309,0.28220714889457904,-0.523221689956337,0.06588735339050593,-0.24094843718944692,743
62,0.09047023193549197,0.41793927875113573,-0.4979841505511504,0.18167291435954913,-0.2911504951213053,791
63,0.33144678593792554,0.914712027479859,-0.5564223778921942,0.5956747950962942,-0.2699588804186901,427
64,0.022112760616133764,0.23520075064671933,-0.5074411227095195,0.04357699765848901,-0.22927373762413117,1315
65,0.7113198950144481,1.4869417870854311,-0.38825702343340074,1.83208506757757,-0.27117013567384896,159
66,0.5541690809717446,1.340181248945911,-0.3595518174877381,1.5412773737144119,-0.33856527473265896,125
67,0.4358148184734172,1.080788007402138,-0.5078391282438317,0.8581749499699183,-0.3088767494279765,269
68,-0.18413607583460612,-0.3081212250347387,-0.8170451087549837,-0.2253683105883754,-0.354598216956693,1408
69,0.22091698507850355,0.7053884747940709,-0.42980790818878767,0.513990042690114,-0.2857605536150072,584
70,0.24355858609620906,0.7621073093673626,-0.4762710828005958,0.511386466430047,-0.3403259133967851,298
71,0.416565372875062,1.0963677830370038,-0.40486118267602456,1.028909143923544,-0.343230661054019,316
72,0.2758350118320294,0.8127856296023027,-0.6156566298476589,0.44803385273424795,-0.3343389002677081,539
73,0.006697846639016403,0.21843885113071454,-0.6526578741559416,0.010262416044054446,-0.29735099993235015,1127
74,0.27859136301153153,0.8209329196719346,-0.5431844146168427,0.5128854133417051,-0.25974799190198494,596
75,0.6374967851573676,1.4193643828527138,-0.44581481593329253,1.4299587236076887,-0.2630165597696502,233
76,0.1408952584156533,0.5232497209111624,-0.4991694330679971,0.282259387458247,-0.27617271380078356,661
77,0.2179074717303222,0.7000313140201838,-0.5333518489315392,0.40856232553961336,-0.24850069424915555,944
78,0.31606916113816763,0.887506308936892,-0.41827797869087757,0.7556437996745559,-0.34890405930494395,326
79,0.10942483578655948,0.466671597042235,-0.621906203477576,0.17595070635198287,-0.23859088069656342,475
80,0.0671775875614562,0.3686490280738145,-0.4482124371921713,0.14987890113511904,-0.3160280868221248,614
81,0.09642428799254543,0.42615481327566807,-0.7041927752647792,0.13692882315682595,-0.30732182128949137,526
82,0.6266032564547295,1.3896671276399666,-0.31418393706573766,1.994383488560153,-0.26736186747755686,234
83,0.031029582521877597,0.26183864255782435,-0.7422802865731142,0.04180305348688686,-0.2623404389844881,1324
84,0.8697965174581264,1.7690697680759966,-0.2838166699628555,3.064642107075532,-0.23936592265689904,133
85,0.5870817082802999,1.3768871656009865,-0.43663342061396726,1.344564297104838,-0.2846266215879656,266
86,0.042854170094795974,0.30156061621070807,-0.697915010217761,0.061403135721962425,-0.31336505964794326,492
87,0.552235311073408,1.3369300466021112,-0.41846894281959257,1.319656620996803,-0.27639467196852086,269
88,0.5090650175496503,1.234980337526175,-0.4694042636855944,1.0844916779252363,-0.28653975346660965,181
89,0.1691184260008507,0.5995748781425201,-0.36559820975153445,0.4625800167779429,-0.27529045322185386,515
90,0.7780244485646648,1.689691952373105,-0.35161673207617283,2.2127059880532554,-0.2536744049154104,384
91,0.21747932991341568,0.6594835113457481,-0.5687162778074325,0.38240391281195973,-0.2617428193506228,855
92,0.44167424927476184,1.1410556102054135,-0.3860395313182593,1.1441166342900673,-0.31375608589838255,224
93,0.20547151475862324,0.6558059225474604,-0.5256392932617702,0.3908983163789046,-0.3094563462106512,651
94,0.38524207693600787,1.0231972205110689,-0.5156311384402505,0.747127254768475,-0.2639079329359886,429
95,0.38453323924106786,1.0599993918180854,-0.33023788987546476,1.1644128400471498,-0.3263587046684937,273
96,0.05080266852663318,0.3162344785812445,-0.699935087892458,0.07258197139337982,-0.26854292167595695,833
97,-0.024271466979870926,0.12576875541671512,-0.6607531162143254,-0.0367330344485248,-0.28476006103915397,1031
98,0.28377260545108274,0.7960943192456609,-0.4474589126774633,0.6341869552962315,-0.2893023051117384,328
99,0.3028880257760218,0.8548163230099132,-0.5968059164197169,0.507515119141361,-0.2996997363676578,422
100,0.5656794840539774,1.3480383221044383,-0.35392778187196017,1.5982907051321058,-0.25816378104755844,218
101,0.5314096161982862,1.2888508729680768,-0.5080085583162711,1.046064298522007,-0.3079305269050503,539
102,0.34087479003081333,0.931717130732702,-0.39965712467181,0.8529180864991022,-0.3270315877709348,380
103,0.46702155291569025,1.1535032082166854,-0.32879137525307456,1.420419110921685,-0.24949734270943758,230
104,0.4269122184376217,1.1156535459943309,-0.6005331343810224,0.7108886987187575,-0.26417582231010683,577
105,0.414159566535407,1.0675063040911477,-0.5418569697762701,0.7643337442100474,-0.26974557728994364,752
106,0.5933255647500777,1.3836038958544907,-0.5809993396955198,1.0212155577681339,-0.3076976877866249,640
107,0.43015854312314916,1.1335206532828284,-0.30577970364840545,1.4067596311681896,-0.2840278892113819,211
108,0.7343486003780875,1.5402588645978952,-0.30835329288876734,2.3815169719721134,-0.25231566495207025,276
109,0.15677630398845643,0.5652692715023008,-0.4436838898827269,0.3533513556913122,-0.2551735847091937,660
110,0.03486735134829555,0.2964608408809848,-0.667251503189862,0.05225518591057302,-0.2697447659199199,872
111,0.45523480990773235,1.137041042316916,-0.35668688231261625,1.2762869409611322,-0.26703842078285156,240
112,0.34995545684771745,0.9610386608161663,-0.5466675273199778,0.6401614132146539,-0.2940299308149491,380
113,0.19577358728565364,0.6200890463204428,-0.4825442722043103,0.4057111410551832,-0.2754199614148094,427
114,0.030328630949220337,0.2907749126126512,-0.719186783209323,0.042170729019630815,-0.29488126178168794,1031
115,0.3706011424991269,1.0086995691182616,-0.36623277459750325,1.0119278453612586,-0.299933069375369,277
116,0.31810588931423767,0.8984927468736812,-0.606044082443929,0.5248890279258996,-0.2727151634415128,692
117,0.29332498513490535,0.8131858222699776,-0.39379225873160995,0.7448724006908976,-0.27950324706966523,528
118,0.3797423190167186,1.0357179758808808,-0.45357189074612325,0.8372263069301861,-0.25152138542723923,315
119,0.33532651671454916,0.9120997649090955,-0.5266834722211688,0.6366756019519374,-0.3535146182986697,245
120,-0.016658639346940785,0.16325165693665972,-0.7307759231464059,-0.022795824026626204,-0.3746932498914487,1233
121,0.2700225552143658,0.8255606144541074,-0.43539965107350975,0.6201717308422398,-0.2791880999304345,793
122,0.38876544418324044,0.9977784724440512,-0.4691594401846465,0.8286424845895343,-0.28074185260322093,602
123,0.6123294471952714,1.3700633691554334,-0.48429678839701495,1.2643681764275883,-0.30287877745705605,228
124,0.2210575292616781,0.6680117522750917,-0.5189835681585158,0.4259432144374933,-0.2934074237458365,641
125,0.319451111006279,0.9163838587821316,-0.5258243785244976,0.607524344730236,-0.3067929893016297,520
126,0.7937636394012653,1.6818148949968372,-0.3793869800590489,2.092226884743703,-0.2679035139127287,332
127,0.05262476917156622,0.33052363955050235,-0.7709654260539629,0.06825827383844682,-0.3193957610674044,1052
128,0.45761440286808197,1.158348409890204,-0.5865299814709763,0.7802063275954231,-0.22016991633206995,480
129,0.09369169374245834,0.427514983720755,-0.645511811167508,0.14514326790241439,-0.31050872863716683,618
130,0.2366499970059046,0.7224682280926108,-0.4595559290629001,0.5149536368477883,-0.275067510775556,313
131,0.4983579776483362,1.1878331187518971,-0.5367806907525008,0.9284200908003963,-0.3075126771924892,546
132,0.2339544609147446,0.7193873766012809,-0.537450510348219,0.4353041934282719,-0.2706860171047827,773
133,0.15238377341179632,0.5478253354374897,-0.5606715724555289,0.27178794306337517,-0.27363958441152636,581
134,0.3782968819524344,1.0467066357036778,-0.32740089329682387,1.155454641992891,-0.24766218710012877,557
135,0.5074482754824503,1.2335868544835267,-0.34889857683269865,1.4544291928303803,-0.24682681178900145,233
136,0.6659245427038623,1.5386358526871253,-0.38321089093747174,1.7377495223968484,-0.30203896899746485,212
137,0.2985466772579808,0.8523434456181577,-0.590469549136323,0.505608930544621,-0.35542184409837463,745
138,0.1703417213713292,0.5809545602407198,-0.430707639057864,0.3954926867420719,-0.29270879957473717,449
139,0.44026596478071434,1.136178839327879,-0.3726624170922168,1.1814069371845692,-0.27015632709127313,230
140,0.29176337072028646,0.8393431590360321,-0.5827636276979177,0.5006547369348271,-0.2923388138081402,494
141,-0.0490729277418257,0.08599515036800069,-0.41490098607334003,-0.11827623791945223,-0.23458290130862358,618
142,0.34117022328405744,0.9308322571709372,-0.4033521067398801,0.8458372166234316,-0.28109365777899986,424
143,0.39987193091597706,1.0363253777942387,-0.37080109160986374,1.0784000909487614,-0.21704298886668305,347
144,0.7356242545951666,1.5746247184920048,-0.430661792891884,1.7081251848590204,-0.3013434383685393,256
145,0.1904375402858851,0.6313877331508667,-0.3687305282822597,0.5164680591353341,-0.23846443653534,281
146,0.41522187651042164,1.0576966379337711,-0.5904107370019434,0.7032762964624997,-0.37182416707373567,367
147,0.1768742725953989,0.626471819561353,-0.5409377841581449,0.32697710859792545,-0.3011700357917133,967
148,0.24081460509960162,0.7383889716296808,-0.3888342174357252,0.6193246229401315,-0.2781498169276928,263
149,0.15769758077961438,0.5591479289928295,-0.5246197702929583,0.3005940486984562,-0.32491236025888715,334
150,0.16049499054412353,0.564315142238384,-0.6401207383773002,0.250726122310889,-0.30503161365580256,1143
151,0.41773838116303685,1.0659908539020222,-0.4353724778814432,0.9594965285720052,-0.2912171795448728,439
152,0.1503928970765347,0.5369503536120701,-0.6196113484842078,0.24272134047326568,-0.34039791035332967,388
153,0.6150836770413537,1.4461147500604452,-0.4022543093235016,1.5290915790952786,-0.2544502640243329,244
154,0.15311704521364544,0.5495574602376834,-0.4153922249875046,0.36860835615845083,-0.26396950539312614,499
155,0.6905623987910543,1.5305372295982593,-0.3013379406039459,2.291654338006754,-0.24387858758754077,213
156,0.9721773087275767,1.9059433088098796,-0.33298766817124636,2.919559496202162,-0.2162084577903819,161
157,0.13145160801152134,0.5085329616960617,-0.5504656488037483,0.23880074678081575,-0.3273633243255727,1079
158,0.1534020358726118,0.5596774521884375,-0.5815245799994995,0.26379286645586647,-0.25672827891265504,716
159,0.3693810821517256,1.0009070477040753,-0.5265789747374451,0.7014732829693796,-0.3508069005249339,762
160,0.13921370527472754,0.5283037972021222,-0.46874691498562226,0.2969911925265633,-0.2619416299622114,573
161,0.4623782313640017,1.1904297531629262,-0.38248434128592335,1.2088814663875462,-0.3209409665726979,139
162,0.2825910215210867,0.8582719592905457,-0.37835595960199664,0.7468919528011458,-0.2941118424849444,476
163,0.26916579997235734,0.8140170098984175,-0.4425590658908667,0.6082031094098805,-0.3236359352392677,504
164,0.5778862611126239,1.3141388540835037,-0.36289671669789225,1.592426259380319,-0.3097512604348698,174
165,-0.06049682581199123,0.05252941479174866,-0.750344734086057,-0.08062537532921882,-0.31888925515317157,941
166,0.3401655804389956,0.9101343686655549,-0.48732508707962785,0.6980259983689558,-0.3183007221923233,509
167,0.026835865763147115,0.2684014550793836,-0.7238084855465114,0.03707592035603824,-0.3079050986746138,1417
168,0.2850279957423454,0.8352337249942055,-0.5199749412437504,0.5481571766911972,-0.2957934413019573,649
169,0.011827250598895889,0.23891053397914275,-0.607506003073599,0.01946853288536644,-0.32801190379023093,862
170,0.2587430488071798,0.7616089894432212,-0.4947809088585521,0.522944689608364,-0.31974150531208456,490
171,0.5754717732808314,1.321703317109696,-0.3690105380259212,1.559499564319779,-0.2316771532964531,205
172,0.21573401321266705,0.6940763374510202,-0.47591014748115945,0.45330828593270883,-0.3111633543952603,504
173,0.534211613004514,1.2898336252219094,-0.34456026399886985,1.5504156132358495,-0.26092563126898605,165
174,0.3018628137480981,0.8266456102864915,-0.43843667391363417,0.6884980926745211,-0.3107370650221388,217
175,0.35510198505704293,0.9586394606229177,-0.49946074113886674,0.7109707646838107,-0.3122891423437516,498
176,-0.039905860767685875,0.08431967325073328,-0.7502797065647767,-0.0531879783213096,-0.3161176836649514,476
177,0.5907407093906698,1.414162103867729,-0.5464693440695572,1.0810134471431165,-0.29185852076865115,306
178,0.446557016067058,1.1328344117754474,-0.3893311009758945,1.1469852137363838,-0.23750383924180252,308
179,0.3736121482547561,1.0011737355897938,-0.4422561072409732,0.8447868602325148,-0.33366041256988044,280
180,0.2525943491676219,0.7341900332982485,-0.6197765192237554,0.4075571457337331,-0.28161047704456965,721
181,0.2939787706800414,0.8344939370842608,-0.4695265094877049,0.6261175135793682,-0.24708928084632698,628
182,0.23008969832852255,0.7024031906573028,-0.5464023052407017,0.421099428244841,-0.27187179193173894,548
183,0.33584568262118286,0.9083547978575599,-0.5144925299854317,0.6527707654583296,-0.3048593078442725,336
184,0.285029412742819,0.8164372607196484,-0.4371205985874096,0.6520612701938882,-0.3142609146332107,459
185,0.23910181832105093,0.7372276817314771,-0.39998901570248946,0.5977709610378253,-0.3289585143689113,392
186,0.12263214349613083,0.49715717058919817,-0.47269303835639986,0.25943293754131613,-0.32319344863341093,485
187,0.42777871978432214,1.0733719261802455,-0.42218661923875656,1.013245565564462,-0.25410722415426923,295
188,0.5271760566950816,1.2683642571620508,-0.32983724351294086,1.5982914818241207,-0.24058991096885907,231
189,0.6337362993802778,1.4188415967934005,-0.615525209047328,1.0295862623744294,-0.32433335001749886,484
190,0.26261337948025165,0.7782452509318373,-0.6372738938819282,0.41208871413287124,-0.3289000346476856,864
191,0.4870620047461707,1.1990957175318055,-0.5080631983746022,0.9586642100911488,-0.28502166539313134,312
192,0.2647250341535481,0.7786765867904396,-0.4811141457669913,0.5502333208921221,-0.278690662210188,512
193,0.8194826574066616,1.672785125603146,-0.2678799204664616,3.059141782555742,-0.18945075211368456,179
194,0.5621099574496109,1.330957116823758,-0.42371312346569723,1.3266286228095032,-0.2473565120863892,307
195,0.30814316860134405,0.8695252340759445,-0.5861992120996371,0.5256628842908928,-0.27757776612986673,645
196,0.19918228363784007,0.6584955949815494,-0.5107272820153246,0.3899973442810199,-0.2713872856536056,644
197,0.6046629326908164,1.3825542455037398,-0.5112737377000502,1.182659871032834,-0.3646090937075367,322
198,0.8641672696388327,1.8502653565099452,-0.38275074326133274,2.257780774703292,-0.23669985986545838,204
199,0.3126439011780022,0.8808289359038527,-0.6726232881001655,0.4648127811052597,-0.2525769374093948,549
200,0.13526777704762605,0.5233250528427582,-0.5790911139463519,0.23358634555072366,-0.25446020751884435,662
201,0.3557614602818848,0.9673136713729625,-0.4845718285927272,0.7341769357807533,-0.2572496664701197,397
202,0.31406486291364133,0.8900860298351442,-0.4111949616370695,0.7637857761273896,-0.280221808284007,292
203,0.22839579119676245,0.72551335085237,-0.3381483252535531,0.6754307921693975,-0.2593150752479688,213
204,0.2413887431296209,0.7843500083860226,-0.5283205625980305,0.4568982549961434,-0.22631517384050281,380
205,0.4494317552828053,1.1108521087495191,-0.4326036233979602,1.0388996554228225,-0.3044142343482128,344
206,0.3100610810974771,0.8850127694037141,-0.4530256328651233,0.6844228198226253,-0.3270736830389176,547
207,0.40580098813621746,1.057345814874925,-0.3928443649971062,1.0329815680039263,-0.273654498108307,349
208,0.15622820078248156,0.5682357124599814,-0.4034654684729597,0.3872157916606238,-0.2210878221367788,393
209,0.58326546353148,1.4170750159010974,-0.5302520106824594,1.0999778440835892,-0.30823267941224364,370
210,0.502107615582096,1.1732878544955267,-0.5521061529241997,0.9094403547627767,-0.2646933544993145,368
211,0.3971955815571233,1.039237474571757,-0.4590472507760437,0.8652607784615705,-0.34397492740583113,224
212,0.04542415077647033,0.29860174173814635,-0.742377710072512,0.06118738501999678,-0.27246195918642213,1033
213,0.17966142402545904,0.5855902263947472,-0.7416710478506897,0.242238691325629,-0.2906174722968087,1039
214,-0.10891999056027157,-0.09456958533603434,-0.6454370888596769,-0.1687538451697988,-0.2726653818855256,715
215,0.004547104318391781,0.22134608111646664,-0.7727520539058663,0.005884299233380869,-0.3182240048939955,630
216,0.23133690736482548,0.7229714767279295,-0.3430729033027341,0.6743083033890594,-0.22635345252096173,396
217,0.31581494037321534,0.9001492282370827,-0.5206899996566113,0.6065316034137229,-0.26577087542513766,703
218,0.33534811742967197,0.9435631975728411,-0.44991105438953594,0.7453653653491371,-0.3088383313506585,390
219,0.6039460267887486,1.3477356270431582,-0.38520710067298813,1.5678475960946874,-0.2829398183967077,272
220,0.2169137881950809,0.7005137114903199,-0.47069898823191625,0.460833342790629,-0.31198591018428856,336
221,0.3484418866044974,0.977452360756252,-0.44088513036897703,0.7903235164971115,-0.262997558485938,471
222,0.34027859799882054,0.9526564931639825,-0.3876373579776865,0.877827152094066,-0.2986460729143475,336
223,0.47918067657813745,1.207751912394345,-0.4789231685997558,1.0005376811882676,-0.2863963067613271,305
224,0.4572840360996462,1.1359305090766671,-0.4209123128756411,1.0864116399340191,-0.2731093357680584,394
225,0.808610863432174,1.7769511883406965,-0.25851993425146824,3.127847242316021,-0.20281275381074015,144
226,0.5478675420147974,1.2836826017283005,-0.4123874512902367,1.32852622042859,-0.30067657292824357,225
227,0.35418331592505004,0.9503843369740347,-0.35802801066309176,0.9892614694282688,-0.24240237888233296,215
228,0.40656350705705635,1.060633360616208,-0.700254535339661,0.5805938934188427,-0.2670699723496299,445
229,0.2089272361013268,0.6649657667940029,-0.5119826371060718,0.4080748466046936,-0.252061660870309,589
230,0.3368455534212207,0.9862027357948349,-0.5335355329704836,0.6313460540215898,-0.32560355791679707,594
231,0.25971646579405916,0.7754356615635222,-0.5036946713504034,0.5156228178824294,-0.3223928136321482,325
232,0.5051249613506827,1.3382768220790406,-0.35278095214605887,1.4318374001710563,-0.22767829283573138,165
233,0.36470692863254217,0.9721575816343405,-0.4158998870764995,0.8769103814771149,-0.3148241345974302,302
234,0.39787957087160875,1.052945920578825,-0.3821966343351053,1.041033685615224,-0.2746684094559203,386
235,0.21355283916058432,0.6871380062081693,-0.6469205028748011,0.33010677233383856,-0.3515960044632056,554
236,0.322334449258842,0.8989417878591552,-0.40151723025642805,0.8027910758723452,-0.2892407977806777,567
237,-0.07147665306094109,0.04796922006937009,-0.5632456479727025,-0.12690138542252027,-0.32823532135580724,712
238,0.529692304024018,1.2173879338950344,-0.4860449168077735,1.0898011391681866,-0.30203896899746474,204
239,0.6412658026869964,1.414081715138362,-0.4917417235870155,1.30407035223547,-0.3251834794095284,235
240,0.4338124088110149,1.086389176486773,-0.4433472240675804,0.9784935717673241,-0.30277904209697337,279
241,0.415752998024854,1.0996915627245327,-0.409886905228649,1.0143114911000455,-0.30792227990041066,317
242,0.36058171676667783,0.9583432974172317,-0.4452043150172119,0.8099241283246266,-0.28169749308365144,387
243,0.46884602155911903,1.1808204787765986,-0.3934225457297972,1.1917111173418178,-0.2720593004896482,324
244,0.16474780123978494,0.5832701058143973,-0.5163652689367129,0.31905283168836995,-0.27808747625945673,537
245,0.3665202054768413,0.9596478190885676,-0.4591806027345713,0.79820489649191,-0.2888793728301151,455
246,0.7785897820292214,1.6304977137193175,-0.4431164826213747,1.7570770047263062,-0.3092696827072201,303
247,0.46360141860785586,1.154855080932473,-0.4054179256990391,1.1435148502831842,-0.23235684213729968,440
248,0.14969997949797875,0.5567311168504601,-0.47565970627927523,0.3147207499852532,-0.2796357944241942,334
249,0.4477942577558376,1.1455799870421666,-0.3535283600619904,1.26664309951631,-0.30993267555571613,252
250,0.5131002744641637,1.2854671741276653,-0.3646058494261829,1.4072738417984285,-0.24356157588785465,329
251,0.3064317146323503,0.8985622289449878,-0.4434293569245622,0.6910496787078569,-0.28656232586679986,406
252,0.41112644534023723,1.045381226993322,-0.4149233100109927,0.9908492374876339,-0.37533542138211473,220
253,1.001427245220214,1.932304190009639,-0.2885659868215491,3.470357876375439,-0.21422481160623685,255
254,0.46495242223957334,1.1629427354009465,-0.38255932316459396,1.2153733920099243,-0.3637061678184721,307
255,0.14259125852834198,0.5241839882626146,-0.5357828440698789,0.26613629030224173,-0.2593209411797843,541
256,0.6450654183824569,1.4388200638984545,-0.2993976246088429,2.1545442093110196,-0.2856302341980631,150
257,0.3242300695389848,0.9075991194286668,-0.4667224542120628,0.6946956732269531,-0.297856170753125,226
258,0.30105632331546683,0.8616912601603368,-0.5209648740589106,0.5778821918834848,-0.2539120497474896,911
259,0.27907009981130404,0.8022421349876984,-0.5253064758780337,0.5312519693286608,-0.32820283575788445,722
260,0.5139064468761687,1.2327466754131366,-0.38124138771493976,1.347981786438215,-0.25286257912721766,294
261,0.5568347751528808,1.2595189817939545,-0.4397453939716398,1.2662663049719,-0.2510723431727496,377
262,0.07355987295571942,0.38007601118938306,-0.669459077924507,0.10987956602780515,-0.2848305854742498,648
263,0.143655565106537,0.52574361926877,-0.46664820596101253,0.3078455317548978,-0.3196667502513182,304
264,0.2360010007193296,0.7066619163593567,-0.5870945829088019,0.401981226857938,-0.27937340614274164,579
265,0.24771259530039558,0.7599501831523515,-0.6340638320606868,0.3906745390213123,-0.28952916243815807,481
266,0.47245816832787924,1.1427180151037029,-0.39071293395373285,1.209220702132749,-0.27227872194999414,321
267,0.24934368244200833,0.7447742335487744,-0.5700703561729876,0.43739106891280816,-0.3160280868221249,917
268,0.5823335075468745,1.373248275027137,-0.310036516329643,1.8782739350861324,-0.2422878953481069,165
269,0.1366663873002627,0.5297812705879568,-0.5262501064045347,0.2596985456858143,-0.27675192915168223,725
270,0.18934849425172406,0.6296455474776635,-0.5597877645339437,0.3382505053667399,-0.33373163587983046,551
271,0.1657533324251783,0.5728231092664485,-0.5017548655459956,0.3303472348889137,-0.3731135994629695,756
272,0.5084279888702941,1.2303059153715707,-0.48539652932391897,1.0474487520099378,-0.3179257946327393,594
273,0.6066255062577337,1.4030699606915846,-0.3506494673756225,1.7300054975070152,-0.28501578805714123,190
274,0.4580342071267147,1.1942608454820893,-0.41278860369046055,1.1096096235015798,-0.2980184249499491,195
275,0.3462006541142266,0.945116697139872,-0.29719319378653186,1.1649010184361621,-0.26845296726708867,289
276,0.6888120872741927,1.495980482693405,-0.3969459149630038,1.7352794456604788,-0.2844815300383198,230
277,0.2532022180801001,0.776983136053948,-0.4597575264872421,0.5507299032485252,-0.27971324638504813,290
278,0.5275223488256628,1.2697872751287294,-0.2965033111973765,1.779144882717689,-0.2185357368448202,145
279,0.44589854438360876,1.1313437978919718,-0.3870206954515628,1.1521310090752364,-0.24659311816180374,364
280,0.38225746501814317,1.0539419259357576,-0.3338608670310744,1.1449603795061258,-0.2163941507010798,225
281,0.1161769370041339,0.4737889343746301,-0.5359603405549522,0.21676405549679328,-0.30986526828301075,604
282,0.22440899849111728,0.7080702095600132,-0.40133645391475714,0.5591542863902943,-0.28886305261272804,305
283,0.2515555908787306,0.7854012880623866,-0.372576149559101,0.6751789967672819,-0.21840443672394516,379
284,0.12010376414477553,0.48566706004265586,-0.5722693511065605,0.20987278789706035,-0.32305709507775504,628
285,0.6179695524988393,1.3536802703649193,-0.31816974725047675,1.942263706210721,-0.28703068830942,192
286,0.7979064253792558,1.6616732461520478,-0.450905543800733,1.7695644605599963,-0.2638487832170199,165
287,0.12484866898813118,0.494194218012849,-0.5067255110897024,0.24638323166253615,-0.28093442013521774,378
288,0.6088940264014546,1.3825406769734518,-0.47505690002286904,1.2817286231862808,-0.30312130587756736,445
289,0.1917180491373518,0.6412248988401895,-0.49481696875770254,0.3874524546291996,-0.24179392744290995,576
290,0.2415866876357491,0.7293362129876716,-0.6632903263042735,0.36422465103904617,-0.3355485423240543,628
291,0.5564672074778603,1.2956297688977083,-0.4126382231003968,1.3485595282395089,-0.25190349304742243,241
292,0.05062755745034053,0.33155463813546754,-0.7548446490094467,0.06707016803626695,-0.31269591176484746,995
293,0.857278441559155,1.7832302481838613,-0.26113412633928224,3.2829046650353306,-0.1843820071719685,158
294,0.3480421984128983,0.9168020262521368,-0.4689436855094349,0.7421833562697495,-0.30581181396517143,404
295,0.08182994254688225,0.39841816479806824,-0.5679344315971209,0.14408343286524045,-0.3507523198280299,563
296,0.07871513807335861,0.44109420009161154,-0.6569432081957616,0.11982030880499248,-0.27097093638176317,1062
297,0.7282401071027489,1.5543919944845324,-0.36573013310279145,1.991195258986415,-0.23761247020257592,307
298,0.026359920414808613,0.2597730555968234,-0.5632489852547726,0.046799765476515355,-0.27020643708328096,675
299,0.33343564380125135,0.9181395024226539,-0.43860326281072126,0.7602215306481774,-0.22733621121408676,193
300,0.2712579154986994,0.8138875180806429,-0.29290635298852097,0.9260909254137277,-0.2313783079103966,189
301,0.40761372005559604,1.0603640250987618,-0.36746561045096504,1.1092567806695164,-0.2838181199960982,391
302,0.2017864648550678,0.6506065270262038,-0.5032503554620673,0.4009663632920723,-0.32105222137663525,324
303,0.2183556562935396,0.6923715594087083,-0.5482348714614269,0.3982885213256684,-0.3207321015454433,559
304,0.8189486811802469,1.7455585294247915,-0.3192738241023958,2.565035462843324,-0.2849582183132686,238
305,0.0867339892629797,0.4070856314463117,-0.5473609583971245,0.15845848691322253,-0.2795540444317921,561
306,0.022458031522552657,0.24890759681448696,-0.596217198810082,0.03766753385741628,-0.2745160685128626,1041
307,0.07911082883561416,0.3901685141499648,-0.574474526685917,0.1377098986303121,-0.3494388445103721,396
308,0.3576727343802799,0.9787309637081777,-0.5298812007232208,0.6750055180144189,-0.3154338547613491,466
309,0.44036854200899933,1.166534570748431,-0.339680864681,1.2964184556658993,-0.21955823279465414,254
310,0.40187346982489536,1.0213563050043086,-0.4750421375242144,0.845974363283532,-0.35559630044544155,256
311,0.5206170757743924,1.2296190962900255,-0.37905014701100004,1.3734781001398322,-0.23908970687012832,218
312,0.6746725826836257,1.5453313417800592,-0.2827878821307509,2.385790287759507,-0.27264875458891324,147
313,0.2522533837967189,0.7488621214585814,-0.5825898626785552,0.432986222309021,-0.33840471612962353,453
314,0.5692304768538412,1.3177238888115577,-0.5131131982125321,1.109366274024519,-0.3717213608755635,294
315,0.302451486301085,0.8675120689445974,-0.3071351039605471,0.9847506273328374,-0.24696476737823125,217
316,0.1467984239070388,0.5520439090547103,-0.5140450894549851,0.28557499510924506,-0.2755772891189622,473
317,1.1321576746949789,2.2001016919733014,-0.2672491807233437,4.236337307492023,-0.23258079435336876,129
318,0.41536979872981994,1.0893683011978355,-0.33977988160244843,1.2224673125756567,-0.33970947047010525,333
319,0.3712376435865916,0.9821670758871719,-0.45659567539678103,0.8130555403618017,-0.30853051268966136,543
320,0.6537584753410983,1.5140601730689383,-0.3888039678986619,1.6814603998884454,-0.26894509131628075,215
321,0.25112645865436334,0.7535546941896818,-0.3089554115237847,0.8128242758907965,-0.25119968874806153,281
322,0.01849052780184457,0.2532422061714801,-0.5030023243246702,0.03676032278115198,-0.4061837749219471,1054
323,0.4172439803786172,1.0903050614342025,-0.44408898533004504,0.9395503922902372,-0.24924365530788106,311
324,0.15838637239962927,0.562058120467924,-0.5410418090989765,0.29274331435383505,-0.32232524997460255,377
325,0.47548848148193823,1.150075810717565,-0.4170924982428841,1.1400072729312158,-0.28926710519074716,372
326,-0.1432125740344823,-0.20007632895003602,-0.821181531526218,-0.17439819155249708,-0.3096016093914795,1260
327,0.26373908326149786,0.7708203477309721,-0.678839061601755,0.3885148898756536,-0.37665648157903486,595
328,0.635434552408118,1.4048960097182865,-0.4403924634330041,1.442882440482057,-0.25578114206238667,244
329,0.49204633611449444,1.2930041471148876,-0.49041078527486703,1.0033350629487292,-0.25144790166115705,265
330,0.5136263090281028,1.2283286987710644,-0.3347695390925842,1.5342683519543687,-0.3025339234976502,408
331,0.059772329964841386,0.3440361123438899,-0.5174434078748065,0.11551471920442956,-0.31804352072906883,991
332,0.5863755165533373,1.3446799031830154,-0.4316336733360979,1.3585027137045154,-0.29695778696957165,445
333,0.33793915122667983,0.929878296530721,-0.6769151783285017,0.4992341168374283,-0.2954923496731158,851
334,0.4360587259018618,1.1185831549296907,-0.6201927821703273,0.7031019038562503,-0.28846589495581987,369
335,0.14239195601998267,0.515652212913512,-0.6044276058684337,0.2355814900535454,-0.3150526702090687,449
336,0.508948037609972,1.2294184081263164,-0.5372163416768629,0.9473800369164972,-0.21675294223081532,299
337,0.41753429965968425,1.1304351718062513,-0.2918303017768723,1.4307434735784317,-0.2349996055949689,241
338,0.32176672963463204,0.93267422059634,-0.5051124132239114,0.6370200399173243,-0.21938317742260705,455
339,0.4748626307827206,1.179357623501686,-0.42724029181154777,1.111464999635799,-0.33675446614313376,292
340,0.2649753466896261,0.7817629683333718,-0.4669335606561581,0.5674797637532621,-0.31543358555068823,651
341,0.7064767925810536,1.5019464368633162,-0.3461814981316689,2.040769932517733,-0.24649632304572744,233
342,0.2997474607996278,0.8780924304842356,-0.6798807342272428,0.4408824161495366,-0.3231430757300209,415
343,0.23665406680232737,0.7295490477973559,-0.5294028018564645,0.44702080527803995,-0.2739705153954667,408
344,0.3533999888156769,0.9847185758795712,-0.44184936810593634,0.7998200615983384,-0.32045764510614116,241
345,0.30171997966802167,0.8725998999118787,-0.4257110282699538,0.7087436303780545,-0.31169811141118164,385
346,0.1986889340659419,0.6440432888532316,-0.597909724122572,0.33230590848395447,-0.3144706807331128,1199
347,0.309128573239015,0.8765608001928171,-0.49575769940474956,0.6235477000360903,-0.2652721650214853,536
348,-0.06410805354276605,0.0850325834074288,-0.6414878064608305,-0.09993651149264755,-0.3249721645404453,1057
349,0.22260444763653564,0.7322680097031723,-0.4969800421127869,0.44791425967567683,-0.19257289525956967,567
350,0.4233731404719243,1.0772588239143837,-0.5471037645780721,0.7738443196391288,-0.25966379990968735,775
351,0.25967020833281174,0.75769101388404,-0.5579907676851669,0.4653664959548659,-0.2994954770336773,321
352,0.6164317985221961,1.4152423126619478,-0.4029875308320997,1.5296547693408051,-0.281032983203252,219
353,0.3728911763049314,1.0292196727125331,-0.52852598653937,0.7055304484581946,-0.3195520948771092,704
354,0.8647846434884023,1.877623245591658,-0.28084151099524113,3.079262180379937,-0.24131590795623714,175
355,0.2628155138751489,0.8015118634048526,-0.5052433914072526,0.5201760544420577,-0.3515960044632054,367
356,0.2366691260667333,0.7285708325014053,-0.418912207394756,0.5649611586604147,-0.2658861481675088,436
357,0.43318753825425604,1.1139118098544691,-0.5578920398223746,0.7764719826297884,-0.2973561688143441,521
358,0.7671083886961962,1.699062002117168,-0.39534860449715437,1.940334125301605,-0.26800174750735295,139
359,-0.000513061472012355,0.19227328408062264,-0.7237843008942837,-0.0007088596303877182,-0.40566524514581104,1106
360,0.21005229141823345,0.6883673766103995,-0.7259441040583985,0.2893505026680895,-0.2618556341522751,913
361,0.3034178430068133,0.8563998439682309,-0.36120630471541604,0.8400125885008219,-0.3102277141220372,168
362,0.6431198668533242,1.4679193188416564,-0.37764211182617047,1.7029876878491608,-0.2591761310460432,283
363,0.03341245586323449,0.27040309286697367,-0.7264912449451673,0.045991546485541386,-0.3094068569933828,1380
364,0.8818329224731245,1.9231954022073194,-0.32343499638175277,2.726461058135745,-0.21921587833563116,167
365,0.4329047290244752,1.1147970105108735,-0.28323630146229584,1.528422475471786,-0.2378739943533622,273
366,0.12542912825665997,0.5160676808629383,-0.5139466117214198,0.24405089049336456,-0.27758726886733964,957
367,0.0017444023286612431,0.2102135153562835,-0.6502034143235409,0.0026828563034786363,-0.275067510775556,1029
368,0.5253763494966168,1.209173930186858,-0.36317524600964524,1.4466193807786774,-0.31471902430152,215
369,0.23909742925832878,0.7311937336029534,-0.36746711798068954,0.6506634677198339,-0.2529949904748179,320
370,0.20468679863607653,0.6618457608222695,-0.5897540442167732,0.34707146249062554,-0.33818999041843023,720
371,0.4731537767384646,1.1818073947285683,-0.43364882573350716,1.0910989461072234,-0.2795281690652094,223
372,0.05823336476961827,0.35050263307494883,-0.5913086813635702,0.0984821745477014,-0.2681938718584692,543
373,0.48382765878287093,1.244312136106571,-0.3943889955568778,1.2267777859767757,-0.3120603867872018,279
374,0.3623606292445063,0.974665935309639,-0.3513300814160315,1.0313965367953017,-0.27511633722604867,421
375,0.48060278977294946,1.2369420008370586,-0.42281926303140693,1.1366624744749398,-0.3534664249901688,267
376,0.4624097665360267,1.1802058274162501,-0.39087033546819494,1.1830259924487232,-0.25649382187719116,171
377,0.07564699930547891,0.39727033125830274,-0.5407018707913438,0.1399051924765228,-0.2854570682105181,761
378,0.02450735507050794,0.2842710326759264,-0.5343555969054863,0.04586338238512482,-0.2943056384061501,750
379,0.6346467316876394,1.4794844137058478,-0.32785065327195784,1.9357799819943895,-0.3021578607392892,214
380,0.055745162145851346,0.3237242518894359,-0.44148707610515814,0.1262668040877676,-0.2769605086616782,585
381,0.054904843346845755,0.35626159075299185,-0.609657195718532,0.09005855049760514,-0.29199415153763075,1021
382,0.28288838076809775,0.832972911695607,-0.7117411898891893,0.39745961704442107,-0.33420994393798276,637
383,0.06585599631733063,0.3590198795241566,-0.4401636439080906,0.14961707362428564,-0.23134545606676893,420
384,0.5284407073150836,1.2443910902500495,-0.6347569687327413,0.8325087133270668,-0.2699737573060913,690
385,0.10575635063587763,0.46097400388625154,-0.5802331125702257,0.18226527984143256,-0.330332396957958,499
386,0.16797196716841367,0.5701555171106325,-0.6396859489233955,0.2625850504471982,-0.28185171252529584,966
387,0.522395662356,1.2771863116487676,-0.3868984624611588,1.3502138494759306,-0.3308152863585665,411
388,0.7380452125414811,1.6077849439042768,-0.39641811247097924,1.8617847906621863,-0.2972503701457746,289
389,0.40047494654741267,1.007693016700926,-0.4154949448975823,0.9638503463528972,-0.2761034671115671,275
390,0.008594868188860572,0.21444711882960837,-0.7572949064767984,0.0113494335104496,-0.293546083070476,1344
391,0.17003634464553152,0.5917273585970587,-0.39775382139070214,0.42749141680403796,-0.3019970888227943,314
392,0.2270270016427205,0.7139755344603936,-0.36200706133828675,0.6271341802102841,-0.2769322465941084,295
393,-0.080856270411518,-0.010409022530218857,-0.7332352512435547,-0.11027329942796274,-0.33191713677683865,1365
394,0.5659431093028664,1.3706228654637986,-0.41400887594930036,1.3669830338907323,-0.2493621960913942,142
395,0.5624722596929674,1.383506864632158,-0.29825344773544793,1.885886865562348,-0.29688563231845844,219
396,0.5423023139726189,1.232266979276934,-0.35640423325714965,1.5215933576786156,-0.23202718680833823,308
397,0.3223994613842256,0.8789361162070911,-0.6604630869579267,0.48814152940656824,-0.3157306688989042,494
398,0.20467322814289868,0.651170254131732,-0.4939485767388073,0.41436140882156414,-0.2449142828450792,437
399,0.16059291000800457,0.5847113872747678,-0.4710071055353763,0.34095644868343244,-0.3789770148645275,440
400,0.8310266970117757,1.8097937444704946,-0.30375267085886204,2.7358663041942775,-0.1985075127704674,189
401,0.25597140662957596,0.7558269710901063,-0.44606862589210594,0.5738386243095468,-0.38678087420433394,645
402,0.5699275269090773,1.2884261006228608,-0.4026338828422915,1.4154981763725867,-0.2768915610520114,282
403,0.35571735547943883,0.9194671825236532,-0.4901809315412696,0.7256858286203858,-0.3209275913629872,599
404,0.03710537043158979,0.27397422634575697,-0.6594050086439467,0.056270986639753086,-0.25287176616969465,772
405,0.36759859128954964,0.9749806986154315,-0.5683964390450663,0.6467292298789435,-0.3606411165343848,353
406,0.5530334096638698,1.2767195259183253,-0.3498917186932965,1.580584449752698,-0.23433080078963442,182
407,0.650530227807042,1.4401375945666195,-0.45460472513498995,1.4309799081254029,-0.3205135316044285,299
408,0.22859117115597538,0.7099291562220816,-0.42782259451138227,0.5343129934898604,-0.3370499013254201,389
409,0.12516436677075737,0.5017574262791754,-0.43883800034419373,0.2852177037371131,-0.2568934091270293,481
410,0.016791218355685755,0.23478473597278163,-0.5051476314887158,0.03324021990601147,-0.2967654707901002,692
411,-0.07990461301486884,0.013061551353248458,-0.668466177497947,-0.11953426471620435,-0.3627814305005118,904
412,0.15712176232725317,0.573016994947874,-0.6534473660011434,0.24045052517202775,-0.2933942592783563,1117
413,0.08795888577436517,0.4123536307177603,-0.5270949128189577,0.16687485239413907,-0.27490689111923794,477
414,-0.0882352521184806,-0.026604492009895005,-0.777378441552802,-0.11350360056580934,-0.2944884303103017,1432
415,0.6106360304403804,1.3593823292257226,-0.7289798019987781,0.8376583668931391,-0.274408377715331,792
416,0.23892174563350888,0.7455789680076542,-0.39208160082179677,0.6093673998798533,-0.22784851509698578,311
417,0.04128532460295786,0.30204083727174263,-0.6050408544461645,0.06823559814113571,-0.2687794118785546,909
418,0.3836193196475586,1.0166481649424433,-0.3215831717183393,1.1929085642066932,-0.2957904257731915,179
419,0.16947148490477515,0.5950346373979558,-0.6129554259231712,0.27648255931421833,-0.32674958933500176,895
420,0.2913047709411216,0.8520400203877034,-0.5748920630955447,0.5067121110919006,-0.2509100232420072,483
421,0.5688769939690859,1.3840994252226961,-0.31310595789982365,1.8168833253281453,-0.23996099493020961,256
422,0.2652825983816167,0.786928233584064,-0.49368250594788154,0.5373546665832692,-0.28684134981266274,758
423,0.11974837169320374,0.46392827026358957,-0.5626418983630438,0.21283230424467303,-0.35112290224539233,649
424,0.53982266362845,1.3222211334797829,-0.38323434863712935,1.4085967647424746,-0.23937281379657205,426
425,0.38463957570493634,1.0445125294860025,-0.3529050228388454,1.089923777822178,-0.22117659813540813,398
426,0.29590978336211027,0.8719288158737907,-0.5927077459839362,0.49925074434598354,-0.2531455062549658,433
427,0.24501606039783508,0.7550713332034238,-0.4135940469895849,0.592407125250536,-0.2889394281158989,481
428,0.59357081652056,1.4167764181559586,-0.4906714627876245,1.2097113069269183,-0.2640582521440542,367
429,0.43179070426464516,1.1255542892379349,-0.32690447492614827,1.3208467224628602,-0.250306057236498,217
430,0.30653503123297243,0.85917818474744,-0.44257064823743286,0.6926239515742145,-0.3153986716303391,429
431,0.46363197752284924,1.1579709687620343,-0.4114853380732394,1.1267278190124197,-0.32190084844332423,373
432,0.2101850847461586,0.6835251796976115,-0.46122206306377955,0.45571342218529864,-0.2784023491845993,653
433,0.48706062771243364,1.1800722471897982,-0.4124870751526012,1.1807900345295514,-0.354059827452209,285
434,0.13025245270113994,0.5167737041790313,-0.44136637893003783,0.2951118592605501,-0.31040684930276397,316
435,0.4723784343478281,1.235130219449422,-0.3831567430295467,1.2328595096952297,-0.29153631616593945,218
436,0.7014115585689769,1.5651263061007779,-0.41561382199254626,1.68765214594224,-0.23670795242054277,274
437,0.40652699467616404,1.0237104941385176,-0.4239049538976314,0.9590050574741245,-0.28580939596802024,375
438,0.42156813756142064,1.0914986933286128,-0.5088622588864754,0.8284523566041677,-0.3250129792240991,358
439,0.27778550211286857,0.7987129031659393,-0.58483234378732,0.4749831384392242,-0.3020389689974645,570
440,0.036496913703621514,0.3024027413338681,-0.7485336292718536,0.04875788111099883,-0.3485805322378672,741
441,0.3687012027650731,0.9848588557674247,-0.5237761888846206,0.7039289119847562,-0.3235782591932498,423
442,0.19079219738067876,0.6453727952952595,-0.41825784289942136,0.45615928217407903,-0.3112142464892981,553
443,0.17596814828570473,0.61236570908321,-0.4984484333651429,0.3530318012992884,-0.2932212095729855,690
444,0.34985053784900044,0.9564541450419014,-0.46379422820073446,0.7543227504279805,-0.30816203298160805,373
445,0.2877336257923939,0.8285223205703968,-0.46296675881405513,0.621499536013035,-0.27772556748339483,445
446,0.6215325430771208,1.4884911639946286,-0.4280719156820595,1.4519348742764748,-0.27509390993701666,247
447,0.3513966798622117,0.9140168457627251,-0.5393133740557483,0.6515630740243578,-0.30203896899746496,496
448,-0.06613629849047054,0.03658850513995635,-0.846344925938892,-0.07814343356179786,-0.3261535701867573,1051
449,0.44188711707596595,1.097850459804518,-0.44691793252836376,0.9887433126168449,-0.21804187268578135,275
450,0.5183896688674812,1.2515080342216574,-0.5046650336611876,1.0271955342471928,-0.2493479497160589,284
451,0.6280593090977828,1.419508406519762,-0.40593024155525204,1.5472099508809234,-0.2769148398203575,232
452,0.10637788718688945,0.4524078870555055,-0.5262134501888129,0.20215729405761015,-0.24733830006878343,729
453,-0.028702339882794803,0.13969487230360103,-0.6272899623996095,-0.04575609622860541,-0.35703389934481466,1019
454,0.21237469394828334,0.6795613590799285,-0.521252032733333,0.4074318767346313,-0.32081806972056337,346
455,0.1376874299082147,0.5056519899537029,-0.4916919466098175,0.28002783217736255,-0.23625355445755591,355
456,0.5248715257900656,1.1939375733074584,-0.4555775820995571,1.1521013026390874,-0.2922955792076739,357
457,0.2200849437069532,0.7189689564469285,-0.535987982237424,0.4106154447497728,-0.26247161221166626,460
458,0.09416839134413757,0.4290167994253275,-0.5945779950719496,0.15837853422870501,-0.27603765945619374,1250
459,0.4707441430703678,1.1720973793301368,-0.4220547762419553,1.115362672262474,-0.3087094297686479,356
460,0.3248423417423665,0.8706320565657555,-0.5470786265470872,0.5937763348435386,-0.3060941483566556,441
461,0.6006520176358521,1.4003767174335213,-0.40722988750487144,1.474970369478755,-0.25237189677104377,422
462,0.2541752897120837,0.7644492862457015,-0.4116699575688051,0.6174249177986268,-0.2966735343396276,397
463,0.3748583776749488,1.0242919896045908,-0.30980956889241207,1.2099638465496405,-0.28259260953781307,248
464,0.12747147605780285,0.5116019791009804,-0.4583528589899083,0.2781077363381504,-0.3636312260463299,589
465,0.7139971082527186,1.5530785664642608,-0.37575041520119046,1.9001898051673969,-0.2698034960776453,456
466,0.4711914548954128,1.200728502804649,-0.5110259321119325,0.9220499886338556,-0.362949103783769,456
467,0.3873182782964919,0.9997949290417274,-0.46406931253571737,0.8346129938653974,-0.30343399745765254,335
468,0.5291377072390988,1.2045691684506503,-0.4268640227836783,1.23959312332876,-0.24471214528309082,190
469,0.4377447241492307,1.0637578728786594,-0.6009708792647703,0.7283958994565077,-0.33385965222346825,484
470,0.05930589911569695,0.34019877039690327,-0.497769344225815,0.11914333376221858,-0.2904869690605858,1115
471,0.4121440442602524,1.0900322353616991,-0.42400240664246835,0.9720323229386402,-0.27264430416420393,520
472,0.10124007587132078,0.4383013517227776,-0.5853975987057816,0.1729424174187698,-0.3228153726427818,569
473,0.37442670196566175,1.0362235900265535,-0.44733912099801465,0.8370086236372863,-0.20952937504044433,542
474,0.4755465907792955,1.117060357566808,-0.43480514754689525,1.0937004620627362,-0.31936827069863816,504
475,0.028592548208540958,0.26769471717001414,-0.49870488000646684,0.05733360421131269,-0.2965292388628935,1177
476,0.5019938028269557,1.2163913625142744,-0.4699419352983283,1.0682038888661431,-0.2706971302479739,287
477,0.24544818617056485,0.7683061585680372,-0.6675732893491917,0.3676722692273219,-0.3588045321205363,550
478,0.4068337893165197,1.038601565320987,-0.41932450278949185,0.9702122976599755,-0.28987624322901817,345
479,0.38545999616264437,1.0013815252918,-0.3399223738879603,1.1339647689377852,-0.2771250861121175,269
480,-0.0541143993121983,0.06352628794114157,-0.6648018150176553,-0.08139929538363425,-0.3159400167528783,1001
481,0.5129965894905684,1.282423671637518,-0.5383484232238003,0.9529081304233843,-0.2774183876223262,530
482,0.11723726119034006,0.47924398315090083,-0.5730848759895905,0.20457224767604854,-0.30366720388902724,675
483,0.12174240169340345,0.4699581352671964,-0.39139289483799544,0.311049084689682,-0.3365309944031879,477
484,0.5008158424330695,1.2311673399414254,-0.35714221910514743,1.402286864005912,-0.23207705743693263,217
485,0.08642750301230673,0.44000716893354114,-0.5191510713864695,0.16647852190979656,-0.33755540354658287,421
486,0.3559534097588397,0.983724739496423,-0.4739650741435759,0.7510118976636082,-0.21896753080066667,637
487,0.4395684899980681,1.1629293838348909,-0.3511009235951452,1.2519718988405022,-0.221600634611808,160
488,0.41418554278779496,1.0675792789313079,-0.4415754731415268,0.9379722561154269,-0.2924242316917366,150
489,-0.09904214718282667,-0.004939349564763356,-0.8217513017358391,-0.12052569551592246,-0.33097053300159707,1356
490,0.32848818383637846,0.9483990475294658,-0.3948862307012171,0.8318552491766232,-0.2412070187362061,518
491,0.5422514653929278,1.295676785121271,-0.3764675061714675,1.4403672468506528,-0.28096668673869774,206
492,0.08549060346863535,0.42155670284861435,-0.6508311294139411,0.13135604553153093,-0.3124598245719966,762
493,0.6699406330245914,1.5020260319963836,-0.4851680985208421,1.3808422999514502,-0.30103611722583534,278
494,0.3107743841893269,0.9139284254290461,-0.5332529789517955,0.5827897760650298,-0.3165646428633009,690
495,0.341533784122547,0.9218796739590025,-0.39225667245511264,0.8706895461711488,-0.3044790228282409,187
496,0.2728753887503643,0.8137263213223836,-0.5998488515943483,0.4549069120080571,-0.33869218301360404,415
497,0.21299128449653093,0.6832808013416474,-0.504649525531739,0.42205783166467126,-0.27757693985946463,376
498,0.3064003237159514,0.863482090901452,-0.5797825072991376,0.5284745915210318,-0.3024191953081601,664
499,0.5807071827808654,1.3672234650889385,-0.4426255910842337,1.3119602537178068,-0.3068698433943854,181
500,0.390735557662242,1.0126748011128324,-0.3195468737572963,1.2227800981680554,-0.2610710322129023,311
501,0.6460493473631055,1.4235525599238292,-0.43521720655148266,1.484429700016199,-0.21825522280807985,351
502,0.23041393817614542,0.6873568035697067,-0.471297249620655,0.48889302528628065,-0.3228135335193584,368
503,0.49867953388409947,1.2298578752314158,-0.49227552144124387,1.0130090003746408,-0.20978327308724942,398
504,0.12135975255469122,0.48705921034885913,-0.5054150396038258,0.24011899734883269,-0.3299208214438719,792
505,0.49631939516850854,1.248470699763092,-0.37288496735722243,1.33102548672346,-0.2049927461529497,244
506,0.7831131045294593,1.7189888092682262,-0.2994090878039194,2.6155288414034836,-0.19675303925670362,294
507,0.28764062658905454,0.8175503553054846,-0.5268526087631487,0.5459603346452555,-0.29522628782187643,294
508,0.49247788860032937,1.2186637968589822,-0.4377387646302613,1.1250497520280247,-0.35783939030369716,291
509,0.2288860470153964,0.7216886020654488,-0.409769206631844,0.5585730779937264,-0.27833161399021455,489
510,0.2919082744416752,0.8187533608649948,-0.31493458255697315,0.9268854251306861,-0.26643210959141983,215
511,0.559441139663732,1.3257286311861298,-0.4543177825837472,1.2313872824482865,-0.2924050230961627,391
512,0.54026637972395,1.3214341722581637,-0.3958570430386156,1.3648017364471834,-0.30030546546560044,196
513,0.5125029001191459,1.3005307175368184,-0.46494014697067587,1.1022986581356027,-0.2795477772858055,598
514,0.7160202327147744,1.5689692329612248,-0.3399821354815278,2.106052518614402,-0.3151828265708595,185
515,0.06980533279725853,0.36569341905392533,-0.6423314508592355,0.1086749414245265,-0.3257184504340306,713
516,0.45152679725447853,1.1128291183997447,-0.4092685925212889,1.103252987171234,-0.2719554297278347,226
517,0.21793383871940386,0.6895835142614997,-0.42743729133588393,0.509861547265303,-0.24522182501936252,270
518,0.4615738455313647,1.2498014720407622,-0.4486367529104931,1.0288364529587541,-0.24096441532334223,377
519,0.22781606879759164,0.7299978885633596,-0.48846361838246277,0.46639311552414053,-0.25092379272112186,629
520,0.5773757112301832,1.3915730955251029,-0.3952387393720328,1.4608277319868368,-0.25296595056805404,327
521,0.5791688354893842,1.3647578743198323,-0.4014708252604847,1.4426174930982953,-0.27537838874795384,212
522,0.10729577371521559,0.4543087984173685,-0.5259600666836728,0.20399984810965943,-0.2835627547213918,727
523,0.22245854855773217,0.6899347547006576,-0.44591237517866933,0.4988839981590484,-0.26343244816523526,317
524,0.19319332731721817,0.6479376643187013,-0.5603356532128342,0.3447814291478556,-0.26522796286252515,1067
525,0.33868932922044404,0.9036536582006045,-0.4644259967468827,0.729264364167438,-0.27652646350766696,337
526,0.060251515338935135,0.347107600382936,-0.635015603649826,0.09488194462093931,-0.29873755515537637,1210
527,0.18753627264484485,0.6352579127263975,-0.5624156538436074,0.3334478181096176,-0.3561515258303054,766
528,0.32615835199380183,0.9152645274953426,-0.4920158717439055,0.6629020946778876,-0.26710397513429185,549
529,0.4985752364347087,1.2504322380536494,-0.270366154591822,1.8440741489533672,-0.23022636622107107,319
530,0.08912780733151382,0.42032059612504685,-0.5194198359132756,0.17159107367319518,-0.2876193816027047,1006
531,0.4163161318308597,1.0570702011360409,-0.3757495691063162,1.1079617012496572,-0.29672224620242715,285
532,0.42713750166242526,1.0629180155899527,-0.5466604724452919,0.7813579418899211,-0.32962928781691503,425
533,0.530455111564816,1.31892407961203,-0.3719773029985255,1.4260416086916965,-0.21950179923536228,299
534,0.30280031043733224,0.8672763534363329,-0.5278544896934256,0.5736435255352221,-0.23434972005363974,271
535,0.106616428580951,0.4550034670933453,-0.4271620008706606,0.24959249269279724,-0.21042087634163342,418
536,0.3916942755027817,1.0149683974474426,-0.4676901723954833,0.837508031217644,-0.283687425017501,791
537,0.35854234287126996,0.94749718763707,-0.4274327083454592,0.8388275765304541,-0.2941503653738683,214
538,0.5447373988938189,1.2984709898681792,-0.4041292353472077,1.3479287100469426,-0.22237751608543954,261
539,0.36336192231606623,1.0051287656100107,-0.44261744544276904,0.8209389983546171,-0.2432340486321205,542
540,0.10399819590140158,0.462047769193335,-0.5382645044986712,0.1932102061945612,-0.2996997363676577,764
541,0.6164517914935239,1.4608480311277143,-0.391078538069054,1.576286427113203,-0.2818515811954687,300
542,0.2302939692079342,0.7294183493832905,-0.3949214934269125,0.5831386061304722,-0.26045066059161426,256
543,0.35356637780354405,0.992147872120009,-0.8577469202202238,0.4122036109587744,-0.3308581062807999,443
544,0.676635939298553,1.5375484795088992,-0.4227717103338152,1.6004759135001956,-0.2755067680619502,230
545,0.07986155298903141,0.39604174287170557,-0.4683023112315591,0.1705341850203739,-0.25661761052128873,629
546,0.39232586175198736,1.108864952741216,-0.5363416268275418,0.7314850127755195,-0.2779529951996338,588
547,-0.015188708434145215,0.16158239616968328,-0.8251711958145194,-0.0184067360945053,-0.35485277760926826,1402
548,0.14834221297872197,0.5276545332001978,-0.5841004501633458,0.25396695540508063,-0.358804532120536,798
549,1.018942148404018,1.9615290147815705,-0.2843385912164351,3.5835520744646705,-0.23910179769227113,141
550,0.20232929574561975,0.6529497977562378,-0.5405330819253789,0.3743143620829326,-0.27187179193173927,965
551,0.2587771059936337,0.764794159682894,-0.5867830133994492,0.4410098794347216,-0.2747623359174707,815
552,0.10768377276936847,0.48605069705704335,-0.6177482371362475,0.17431660067306395,-0.3216173515057211,482
553,0.030621521908162697,0.2745570547841054,-0.7319380752392239,0.04183621940716019,-0.31119805950524804,1210
554,0.5128175368985228,1.24122096852215,-0.35098141697648755,1.461095978573922,-0.22306549193704905,524
555,0.24824969415919274,0.7820717457498423,-0.6247429309786341,0.3973629501822771,-0.3019970888227944,299
556,0.6677371204083953,1.4991137569563178,-0.3351112658313654,1.9925833252780398,-0.24121929286645938,155
557,0.373212361198471,0.9740899784861837,-0.4193103803609193,0.8900622991427743,-0.34375768615379365,356
558,0.2026504222571206,0.652026706318522,-0.42347159980563354,0.4785454853410094,-0.3322192574188557,444
559,0.23249130693427333,0.7084045030660846,-0.45476452775866627,0.5112344801388103,-0.2621420567576562,710
560,0.2942968231175169,0.8120688706985835,-0.4392570052727691,0.669987773865473,-0.27587943725868935,458
561,0.21507575021202996,0.6807876205151798,-0.6271353343824664,0.3429495013605202,-0.31116440582651084,946
562,0.8675214004758265,1.816887978391148,-0.37822674341053275,2.293654310779939,-0.18434792038595693,254
563,0.11512741859497044,0.4779631244307275,-0.43764597680618256,0.26306061222163635,-0.33994614545354995,386
564,0.14887885381399824,0.5524337240889341,-0.5639518044945485,0.26399215788915414,-0.3194949503494805,914
565,0.7675807191339923,1.5911866523634859,-0.5101431505954452,1.5046379006325241,-0.29319496754715546,211
566,0.2932382345627589,0.8479108233070268,-0.4141437039975717,0.7080591392124079,-0.3334195381850322,371
567,0.12745252417691444,0.5097669058598941,-0.6614544651923271,0.19268525784288998,-0.2699527817604457,606
568,-0.06423285902658615,0.05787961940458103,-0.6309385812465707,-0.10180524845964993,-0.3118182053838384,1348
569,-0.27473682804489497,-0.5523782177110002,-0.8960995630336568,-0.30659185583664444,-0.3526363957607781,1241
570,0.39588953224788126,1.0564298029514771,-0.3559432924768414,1.1122264153176558,-0.22362872176165494,247
571,0.6649442620759385,1.4870701076106039,-0.3506972877136467,1.8960633154907158,-0.30203896899746485,103
572,-0.06466241005811024,0.04859344003662226,-0.6836795470816943,-0.09457999779885706,-0.23884738590819465,767
573,0.40530995468671094,1.0568540398230166,-0.38845040283587584,1.0434020707090332,-0.24381423519982326,209
574,0.31470859379072613,0.882553643209016,-0.4511635675048953,0.6975487748959505,-0.2523669485671297,236
575,0.32758655370065504,0.943283842488535,-0.4830089701273753,0.6782204347349212,-0.36252856834983915,730
576,0.13794607731379616,0.5178055897933463,-0.4414215743817743,0.3125041577476005,-0.3323670819295518,617
577,0.43738937738606287,1.0873421261605853,-0.39970765935249986,1.0942731948009325,-0.30203896899746496,208
578,0.46964116609669593,1.1563078015255739,-0.41426972765549686,1.1336603539789551,-0.33248778272667445,207
579,0.18818146088674337,0.6425362505020717,-0.5352351207073358,0.3515865338546051,-0.3674152209382008,890
580,0.4695899237993466,1.1652562056265883,-0.41859983033558823,1.1218110705464932,-0.26761212793234057,370
581,0.2511899940054638,0.7479608200710143,-0.4093865943372266,0.6135765007452821,-0.2664524767889168,412
582,0.6617898215214644,1.5611537139703457,-0.2930027693325582,2.258646984903862,-0.22523024895299337,132
583,0.4482422207987069,1.1578675974264223,-0.33636486790886644,1.3326071286379175,-0.20649424871679378,236
584,0.43948940016314664,1.1221852863067472,-0.39587608828120746,1.110169098798811,-0.29256136708721836,339
585,0.5131471759039459,1.2604274273422313,-0.4457676462366914,1.1511539256742684,-0.32105222137663514,208
586,0.24454095499836348,0.7407380264395148,-0.502051042883924,0.4870838502667989,-0.28420056103280866,755
587,0.40887446377029524,1.065070549540922,-0.4529756173784798,0.9026412197119735,-0.27174677832568095,219
588,0.24288841558308327,0.7982616182898203,-0.4494890867890523,0.5403655455089439,-0.3117680432864297,672
589,0.35993135233578233,0.9436360271311668,-0.49639149757937273,0.7250957240222059,-0.30677918479931277,413
590,0.4285844664086953,1.0880060473020772,-0.41075103796866497,1.0434166363357815,-0.28118263614873173,371
591,0.11912029498507204,0.4715420511610858,-0.44543656581741997,0.2674237009852897,-0.246931830936848,416
592,0.29985494769545395,0.8593001808384553,-0.535274125278346,0.5601895057780487,-0.2746665669711008,607
593,0.38330888592796586,1.023390297258628,-0.4277951944930084,0.8960102658054295,-0.24855975724743762,285
594,0.35639723190952943,0.9742387742534048,-0.47914015923928976,0.7438266758423381,-0.29615217996246745,250
595,0.31715305201520305,0.9436680552025123,-0.6473761227291801,0.4899053902052535,-0.2161596707994694,536
596,0.5601958595140177,1.3506034492506258,-0.4147450270884022,1.3506994006575825,-0.290150287427541,300
597,0.5564175050429867,1.3326327911335423,-0.4577604320682802,1.2155211898261897,-0.2644534914803761,298
598,0.08539648387562004,0.40519233965270585,-0.6350863373190936,0.13446436942118206,-0.24779307024437136,768
599,0.3569734095606947,0.9701676610419376,-0.38441003465807244,0.9286266678189546,-0.34372734494332136,428
600,0.4153354863099936,1.0474535688303883,-0.615056095970204,0.675280659814994,-0.3320720787763073,389
601,0.6204607544750587,1.341816472240289,-0.46476084475086477,1.33501081574042,-0.36840135964914034,223
602,0.15623639138725465,0.5504068965746648,-0.4523744720333469,0.34536960205777845,-0.2524635381833601,499
603,0.5595010925806669,1.332048081287967,-0.41079371400760833,1.36200013170188,-0.33797839172961286,231
604,0.21398942319224723,0.7018593214602391,-0.5535764195912514,0.3865580534486138,-0.30928548282113766,734
605,0.07991711596014595,0.4121774301541791,-0.4843373974327443,0.16500298424972096,-0.3148007901525983,628
606,0.052660518747612794,0.31572607976929773,-0.6358919732116677,0.08281362395823767,-0.3185886856556186,728
607,0.0484239642916382,0.32995796547334016,-0.5613010654129137,0.08627092887489132,-0.2804845344417083,1123
608,0.4181819393729749,1.0759612596943156,-0.4363399011788458,0.9583857406649858,-0.28424450428363146,384
609,0.36172529516134944,0.98621161075965,-0.5832621453108042,0.6201761901907693,-0.26324217448959786,425
610,0.07979864918423618,0.3780998015321988,-0.6985901757592873,0.11422812967202726,-0.3766564815790352,545
611,0.7062823000926055,1.5501152789869603,-0.35839631964895546,1.9706739756267582,-0.22896781183743597,259
612,0.15391763135091518,0.5584018012826151,-0.4502215443174117,0.3418708706716207,-0.3016678351223584,633
613,1.2702386617782384,2.4229060421021034,-0.310349040035948,4.092935688253154,-0.28874039536466634,116
614,0.43998311690170877,1.1157702519222115,-0.4435176144104659,0.9920307618143752,-0.31091371393863165,323
615,0.6779239829917059,1.5100515185749557,-0.29851341624552796,2.2710000492376925,-0.2929120949660188,156
616,0.8015814441024973,1.7922702640672195,-0.39358597760957614,2.036610778084271,-0.2793989925900996,119
617,0.5453407745700845,1.2786883601780166,-0.4773575047777061,1.1424158395164155,-0.3162358207770696,362
618,0.19332183814312187,0.6515521272353284,-0.42183799004907485,0.4582845611430863,-0.27370777357031484,407
619,0.29474799913972705,0.8318836800913266,-0.36288383258219115,0.8122378917858466,-0.3175173661879134,459
620,0.2631948202385812,0.7872803911971539,-0.5595746619848025,0.4703479948592263,-0.2576172517640126,487
621,0.4298468206217958,1.1499741694374614,-0.46137354864918567,0.9316676733642529,-0.282078158679808,332
622,0.11236144688170957,0.4650384584138235,-0.5438605059323013,0.20659975426804775,-0.28880711991601016,409
623,0.7607845888621068,1.6112621627089057,-0.3638232347127599,2.091083021299477,-0.32483179333575996,119
624,0.5529731273680218,1.3522021873316084,-0.30493339984143686,1.8134226282052535,-0.28411449045902926,150
625,0.34591124817982255,0.9460843184617546,-0.38152660765335167,0.9066503914560826,-0.2554371184899097,450
626,0.31568551809949974,0.8749881164559503,-0.402908200512745,0.7835172322076225,-0.24853773210919783,351
627,0.4272248101925056,1.0961491272695583,-0.44793318309572305,0.9537690582329729,-0.2959321442565108,330
628,0.20787187732228585,0.6756014861555517,-0.44781869279686726,0.46418758454233966,-0.22837493572399348,298
629,0.29254812698292576,0.8591579927108294,-0.5002027892300089,0.584859047733944,-0.29232168988986473,697
630,0.28417032442816725,0.8424507953446255,-0.49466583802692066,0.5744692731595146,-0.27754864924861755,607
631,0.3675107055917328,1.0002189883821893,-0.4982845371692335,0.7375518969132978,-0.29500847717734713,476
632,0.533785344216354,1.3049597729957259,-0.3778400681541694,1.4127282657554323,-0.24705931024743144,159
633,0.18216736408571998,0.5975840625389772,-0.7097764727571787,0.25665455404301796,-0.33927187324989505,1212
634,0.23766561172686562,0.7262273065073176,-0.5097884163868961,0.46620441753327907,-0.3017126705764266,608
635,0.8059960561075106,1.7113853109919814,-0.3273768294991043,2.4619825946164458,-0.28560927488202903,254
636,0.5036443063246274,1.256179009025732,-0.3682040224178399,1.3678403158591492,-0.31921369731396576,237
637,0.8030238290934439,1.771689115797016,-0.23664615852247706,3.3933524807974913,-0.19589543702212775,173
638,0.27636807386647355,0.8283201238608188,-0.37596493692996547,0.735090022285656,-0.2684080760949634,366
639,0.8253435130856668,1.7325638245426556,-0.3134693440419607,2.632932147186894,-0.2779682079542376,210
640,0.6775582979709369,1.5058638680103225,-0.26531986605699565,2.5537412936330397,-0.23792269526910237,222
641,0.2241034429051756,0.7170637653343275,-0.45084490424693424,0.49707436148026396,-0.26215841258680694,463
642,0.302843917204374,0.8853210216769716,-0.4451467973233736,0.6803237022603473,-0.2955899975258315,329
643,0.7329517688718221,1.5316608268505598,-0.34704451244894285,2.1119820155048665,-0.23303803182888783,143
644,0.03753399485105047,0.2992700802762844,-0.48927920062518404,0.07671283554071137,-0.30364828553673195,739
645,0.3430458843767725,0.9419880764279738,-0.5083339957283929,0.6748434833385899,-0.2603159852217567,331
646,0.4244497737474322,1.1099246214692344,-0.36192905301202105,1.1727430285441456,-0.3285940861727106,141
647,0.017634181621175138,0.25202446042707016,-0.567873115811727,0.031053031267325545,-0.3338491337299395,588
648,0.11075825521252525,0.465280629727759,-0.6432016121688249,0.1721983482582657,-0.30807624650154664,850
649,0.2810375764384785,0.8017000188694738,-0.6385593175084592,0.44011193436975493,-0.32597010607917887,451
650,0.09093429430599276,0.4171868018809542,-0.5900338122289888,0.15411709027736478,-0.2918476374623682,702
651,0.13389183103006896,0.5174030398223481,-0.6356957631318327,0.21062250025143242,-0.3028634676832823,646
652,0.19048120363425936,0.6247878508230014,-0.49598801215566135,0.38404396672087016,-0.2700982302859666,448
653,0.30267044321142667,0.8831198425218413,-0.39451582878548774,0.7671946754156709,-0.2099090044710814,165
654,0.2037630203728995,0.6437975535125137,-0.5977171325446802,0.34090209110355046,-0.2628764736821334,358
655,0.7403842819992172,1.6253778612209824,-0.32575160624690847,2.2728492133298386,-0.19027393043372398,291
656,0.3414513323122681,0.933736214659968,-0.4603494755933867,0.7417219969071109,-0.30141059316994345,317
657,0.6313381729683938,1.4835505374114546,-0.38228215688799705,1.6514978834164276,-0.2941251411393533,242
658,0.08243586809050218,0.3880327805457288,-0.5868823843488222,0.1404640355357901,-0.31133472375779414,774
659,0.6515209606186141,1.5142535590784008,-0.48242462982791634,1.3505134695361956,-0.26363128173107264,324
660,0.49001448946334136,1.1769986342511445,-0.3860992793660285,1.2691411656295777,-0.2366941941592613,252
661,0.789509635627164,1.676344908307428,-0.4448748271795884,1.774678150778921,-0.2881179831087991,248
662,0.5754739479905597,1.3571592357781128,-0.5088258737361273,1.130984051115678,-0.3009201913003494,449
663,0.41203322515744456,1.0712214952569465,-0.3197688619930713,1.2885345452002528,-0.24816224620806293,261
664,0.20449503410450443,0.6694338626122157,-0.7105818774937186,0.28778532155333797,-0.30451923744261356,1084
665,0.4669724983810619,1.133180445272681,-0.5085469444105413,0.9182485580015264,-0.2851108570946468,292
666,0.4977456652773906,1.2353497656782033,-0.38741985596235085,1.28477066318914,-0.2658933512227185,267
667,0.527704204876813,1.222910931788548,-0.5429855596118199,0.9718567934920193,-0.31622297389731613,442
668,0.4909409590939531,1.2814541537311261,-0.4791222248466409,1.0246674723784628,-0.2533423536481755,383
669,0.36352526827907305,0.9628745306614044,-0.41658661969106214,0.8726282868822358,-0.21362234208431963,325
670,0.32110808234178867,0.9111245376735995,-0.5160080521931859,0.6222927742638606,-0.2784375733236909,507
671,0.4139728348586902,1.0925039227645876,-0.6144846940038944,0.6736910437285303,-0.26241628659886995,673
672,0.12954746952089535,0.5129722984396105,-0.4787515804261012,0.2705943433243495,-0.29073726629242913,421
673,0.2631769929523655,0.8474820795774568,-0.44862487445174826,0.5866304075849265,-0.2644926736187937,615
674,0.26868333637542685,0.8045378060188693,-0.4603338641450597,0.5836705862916045,-0.2701106956868934,354
675,0.04205127920948182,0.3130887077122722,-0.5588906807794818,0.07524061619856164,-0.34234525293299034,616
676,0.23657728229055874,0.7337412307949901,-0.5315751608595112,0.44504954277403347,-0.298738145372783,566
677,0.22494078325354838,0.6983472714789466,-0.40204563670380544,0.5594906715012218,-0.3218107554359272,269
678,-0.0005182261152769652,0.2177632457737674,-0.6952298377383896,-0.0007454025807677866,-0.30203896899746474,1222
679,0.3984512861238416,1.0325511440061894,-0.33775674092565644,1.1796989899649246,-0.2420513898639035,327
680,-0.03814045270252997,0.11716738549696876,-0.6919037445411198,-0.055123928730614474,-0.32582446804176013,604
681,0.937550981004313,1.8416499359926823,-0.23843540586216394,3.932096316040822,-0.21232882680536214,120
682,0.37114705844294593,1.033992796996916,-0.45205051703777743,0.8210300496391856,-0.3089981495973626,443
683,0.21813808261987244,0.6660118188709651,-0.5915271575762389,0.36877103582815257,-0.29425467007448647,531
684,0.248474948692067,0.7807699513203589,-0.5514745176585232,0.45056469652859715,-0.2878324697711988,872
685,0.6604623924981574,1.445499612344236,-0.3540177309281587,1.8656195291873274,-0.22797342380043317,187
686,0.340680559787107,0.9139080098948983,-0.4742105228504868,0.7184162800506215,-0.3446610873309064,539
687,0.0723528304440828,0.37164867548414426,-0.6122285018126742,0.11817945461516731,-0.2934074237458365,740
688,0.260806404305697,0.8111401446023058,-0.5107969252651154,0.5105872635594516,-0.2600125261355748,598
689,0.20898407170888356,0.6644817076758359,-0.48738897170032747,0.42878293076639007,-0.28647994007396416,468
690,0.020489761277357132,0.25521809193018347,-0.6636020707691951,0.030876578268670893,-0.303121305877567,721
691,0.15448734994085056,0.5451645215789512,-0.49234354389142887,0.3137795790309337,-0.30916324987418065,412
692,0.6218620533930002,1.4325775633541178,-0.4766559251520178,1.3046351059093042,-0.3019970888227944,478
693,0.10576053916779693,0.44064379429698713,-0.5480756378687481,0.1929670502762325,-0.3204819049747957,894
694,0.40249640667196984,1.0528859440314198,-0.5721548204445638,0.7034746405863198,-0.2772281728921151,346
695,0.27878410244201457,0.8274999139021488,-0.6068373211133351,0.4594050048381053,-0.3081620329816084,663
696,0.267939056030871,0.8070043092098054,-0.4604852527286213,0.5818624037212676,-0.29207161545316795,401
697,0.08308579244566983,0.4078454961034141,-0.7531873293932928,0.11031225460550043,-0.30203896899746474,1090
698,0.4682109419026761,1.2066030021214649,-0.531695191503623,0.880600293898813,-0.29999995111062594,368
699,0.5561394886549365,1.3650473972384236,-0.356908611745651,1.558212579782934,-0.21836928272227052,226
700,0.4110964969917157,1.0647698983952962,-0.334605802950836,1.2285994246552818,-0.26360989269993185,356
701,0.43715159899701783,1.083265453484458,-0.4444003439723123,0.9836887053000434,-0.3520816853728125,372
702,0.41560594181119304,1.0827180285156037,-0.444300123554194,0.9354171195959594,-0.313220524964237,437
703,0.27631407296260746,0.7752514529034619,-0.5154058799969672,0.5361096636387489,-0.32464334762991087,716
704,0.34312829254561183,0.9443531691824392,-0.5406784095338748,0.6346254751348898,-0.2661751068316208,672
705,0.508261053535499,1.265194688757716,-0.4626667710611182,1.0985466978097673,-0.22740756723400568,345
706,0.02102801834845569,0.25379217827479467,-0.6025325287795743,0.03489939106034292,-0.3005352775471646,893
707,0.1636727401834157,0.5844812669264138,-0.5940054599863303,0.2755408008996791,-0.30553345285749844,691
708,0.2718723325170631,0.7851972167950036,-0.433397035951152,0.6273054727298729,-0.27751352659251216,208
709,0.2765580171858366,0.7757141171439033,-0.6897321163235295,0.4009643898561232,-0.30217971473520955,445
710,-0.12489803591611015,-0.15158612833966503,-0.6515105152075572,-0.1917053263159081,-0.32686072444664704,1413
711,0.11230058080151295,0.47653818216109944,-0.6273562450193997,0.17900607779562358,-0.2636039881079322,1057
712,0.48959419189914577,1.1802449840872795,-0.3241085566051263,1.5105870607903664,-0.21474110822140524,301
713,0.4873197705439234,1.208101051441537,-0.42115607421139667,1.1571001830055911,-0.31639594817553807,319
714,0.8592309302544179,1.7540086503387864,-0.2871893339245114,2.991862262127985,-0.20375086935106657,147
715,0.6771921824312519,1.5363877501369216,-0.5593235022301577,1.2107343598670954,-0.27684793154168164,490
716,0.4514486470266994,1.1391297454504015,-0.38315537294969515,1.178239113681881,-0.22283862742126948,258
717,0.9224092846560108,1.8615833371718762,-0.2733325652046664,3.3746775982046913,-0.24919206733298316,110
718,0.4914625476891523,1.2251041324345033,-0.402807735804133,1.2200921283401769,-0.2842159880599673,258
719,0.7357817353401712,1.6291226163560049,-0.4807399604520636,1.5305191909744287,-0.2801068238611706,292
720,0.5816264990337066,1.3560958848687161,-0.4721140657385997,1.231961810169286,-0.3085901184115124,305
721,0.6408818283152007,1.5025865157344465,-0.28415580975231924,2.2553887913599833,-0.21234826194116085,188
722,0.20175215946168223,0.6637479425526237,-0.6716919517134072,0.30036411623964854,-0.37460552456491303,910
723,0.15809463806168078,0.5677817678130552,-0.489192401790437,0.32317476208350077,-0.34953595541926286,573
724,0.5740665028278586,1.3567211755878232,-0.47097767403281154,1.2188826232724255,-0.291682103997419,214
725,0.4968556276348923,1.2396925775438643,-0.49751158368419013,0.9986815260773623,-0.29907982050914683,601
726,0.2908067634736744,0.828714160309681,-0.5141018773207661,0.5656597968270595,-0.3116442981116829,283
727,0.42084554694831633,1.1164556791864466,-0.40109513477517655,1.0492412160127804,-0.29061562294418497,241
728,0.15610965957177392,0.5498236721344305,-0.46479058595406786,0.3358709584259979,-0.2835627547213917,440
729,0.3927752005918741,1.079456287744276,-0.33881587889765785,1.1592585385011283,-0.22733621121408665,178
730,-0.0006438576915492877,0.18853653700318168,-0.7423086770940159,-0.0008673719052697278,-0.3453746241839474,943
731,0.2817948493824822,0.8479243529103063,-0.3858398159215324,0.7303415504422447,-0.2738562634732631,251
732,0.20410701063423464,0.6693679674599007,-0.5728004176338259,0.35633181183312984,-0.3067929893016299,749
733,0.579064156596814,1.2732797408935024,-0.44865279408800207,1.290673242710781,-0.34874035749314014,296
734,0.5300201185896387,1.2408473429037987,-0.3705098293932141,1.4305156747329901,-0.2953528918074594,229
735,0.11400272820272139,0.4748631687353586,-0.7134893413603769,0.15978196392584884,-0.32248930514097773,769
736,0.4631990570429094,1.1533690944679187,-0.5167489416117783,0.8963715641064637,-0.2718717919317394,659
737,0.3335439915680054,0.9231046752286377,-0.44648888606729653,0.7470376127519832,-0.2801402098767769,258
738,0.45295413486927094,1.1119367915731273,-0.5838954493202339,0.7757452732275895,-0.23736345166000128,391
739,0.23822776411936997,0.7158859417551625,-0.47435510454082974,0.5022139781756364,-0.30857889212269407,432
740,0.5340885068885903,1.2847703776790222,-0.3200659720748482,1.6686825638674654,-0.23282458996608302,161
741,0.2383421668449226,0.7326205184570441,-0.5185107475691978,0.4596667821492257,-0.2994954770336775,488
742,0.22796672366315684,0.7228555417339482,-0.5834055978070514,0.39075169062493614,-0.24850444968768448,1068
743,0.08381618907877497,0.3998926821894602,-0.7542736930019356,0.11112171862337493,-0.31314878648062416,1337
744,0.5395214396942278,1.3090527936867287,-0.3785655547598765,1.4251730853760463,-0.3390214211133249,219
745,0.01902336153945683,0.25638398388401384,-0.514248507123813,0.0369925459693686,-0.2833720640676758,1217
746,0.07074323594471332,0.37317997478598464,-0.6568330677138356,0.10770352380543398,-0.3353103018183562,1073
747,0.34803966493380867,0.9549754284034077,-0.3747467024120652,0.9287330954312443,-0.29203775687187594,254
748,0.3601012403306654,0.9482664901403642,-0.43998381850957335,0.8184420089595412,-0.3038590794643087,290
749,0.570205068989972,1.367996901519026,-0.44594345945181857,1.278648799313939,-0.2994954770336775,300
750,0.3912334631505192,1.0432198836987059,-0.4953910978412065,0.7897466564405763,-0.2599280189377078,647
751,0.3916818653144263,1.0100289742761934,-0.500940719735124,0.7818926469414004,-0.31429802092239856,358
752,0.4916688093217725,1.1915380942479878,-0.5061899234369377,0.9713129135077019,-0.2564500493031624,382
753,0.6557262941861681,1.4712626574354277,-0.32064749131386217,2.0450067814325044,-0.27434615004086915,226
754,1.0060057054416172,1.9707671357947927,-0.3171580031774217,3.171938577500901,-0.2533708611243929,119
755,0.5239417481627062,1.2913007147370983,-0.3801478347789279,1.3782578781946782,-0.3409439894908297,203
756,0.05397770725902906,0.3404678979079574,-0.5687207662975685,0.09491073732093443,-0.3264618001620728,816
757,0.2121052114520996,0.6797435935936023,-0.6157887328970864,0.3444447748405745,-0.3441177731532157,515
758,0.3200256085181894,0.9136835769446131,-0.40464470689931165,0.7908805009966975,-0.2250621017989155,378
759,0.2391729533420197,0.738669538494536,-0.4490500430765536,0.5326198205068332,-0.3097522260653436,308
760,0.5809311058346383,1.290918108660728,-0.3482771229953878,1.668013967837708,-0.27585162278623054,462
761,0.10196564827859622,0.46390149070318937,-0.5281462201935883,0.19306329266395475,-0.31854500953864295,722
762,0.42031945117326597,1.0672091157174117,-0.4920285958909165,0.8542581766252696,-0.30081902759318735,642
763,0.29382483698758044,0.8624379469301527,-0.589533577981445,0.49840220805341184,-0.2643512573713126,616
764,0.5178483726596386,1.2054641848801257,-0.41205092226575046,1.2567581934100234,-0.2903462003237398,272
765,0.35203623725823796,0.949250938531341,-0.4623958736914403,0.7613308363844828,-0.2849426451318363,437
766,0.5730152326958349,1.259596933839322,-0.4381703498809716,1.3077453388881601,-0.283616288957279,509
767,0.22039561396100216,0.7099301158509815,-0.4160042167193896,0.5297917787926348,-0.247010050433232,251
768,0.2220354751733773,0.6975887557298216,-0.6144480970135595,0.36135757642110083,-0.3367888449558629,308
769,0.8602664494137995,1.6846348271966771,-0.33418580708707735,2.574215993528545,-0.21635304332665128,118
770,0.11868309859961546,0.48690038091451066,-0.6247639234670834,0.1899647116962067,-0.2856436634437567,877
771,0.29449342196019446,0.8395883856750411,-0.6990958372694733,0.4212489994367955,-0.3773031512587378,494
772,0.3191936841109071,0.9305226552617542,-0.5289069462978362,0.6034968652712001,-0.21780610070442752,429
773,0.1264553442249703,0.48604011315471485,-0.6975792799823818,0.18127738001071947,-0.34731660323858804,752
774,0.551186802872691,1.3430644611021338,-0.44386011970987005,1.2418029428572568,-0.2745030070125324,271
775,0.3184418825760438,0.8792452288125525,-0.4251728226908773,0.7489704552625358,-0.3506138472733198,240
776,0.4369214095948928,1.1649803485412638,-0.4813487265810219,0.9077024316617757,-0.2375910917336479,229
777,0.3888382027294466,1.0365948716936995,-0.5425303643252464,0.7167123322453128,-0.28644341238124293,731
778,0.41694670592422844,1.1157071722222607,-0.33036761296385786,1.2620689485377683,-0.30385907946430857,203
779,0.4620046537183162,1.1365935355520649,-0.3566948720920745,1.2952377223944442,-0.28560851170305557,318
780,0.17897387199065373,0.6027112672356477,-0.4556646949250588,0.3927753762447819,-0.2775548536842227,379
781,0.5613634591220777,1.298554630634923,-0.4457625503162783,1.2593329312293688,-0.23599323725325694,666
782,0.26302853039809704,0.8109756538889283,-0.37755515715021315,0.6966625284195209,-0.2812073131269578,366
783,0.38525915014751866,0.981687463583729,-0.525872589094817,0.732609301448216,-0.3024204303624698,426
784,0.24744466204441973,0.7679065872592882,-0.5012887574838456,0.49361701883448644,-0.2934271390558362,682
785,0.21632597808692888,0.7035937108530271,-0.6014656300914787,0.3596647377075016,-0.2578485332121996,736
786,0.5677449030089299,1.3486336731103685,-0.5087805963558316,1.1158933871995773,-0.2722670139771678,638
787,0.4883179077579949,1.2215178356775032,-0.44920368083209605,1.0870745913155573,-0.25531226712967725,412
788,0.06960673051484023,0.3733599322754489,-0.5028941666826716,0.13841228458464577,-0.3515292574101031,260
789,0.22655517976882011,0.6868612717901748,-0.5118554148054038,0.44261557700811166,-0.32416455533171096,400
790,0.38973299530355643,1.0319758670709733,-0.5601520951883019,0.6957628091572932,-0.35943891468045885,353
791,0.3862505421529381,0.9823565016368965,-0.3873165489405338,0.9972477117476346,-0.2620950745915017,261
792,0.2718271519521829,0.7943588920752118,-0.4345276718792449,0.6255692549489081,-0.32201176616742333,304
793,0.3483936884487959,0.9108820472894785,-0.41355838940703604,0.8424292611941112,-0.28180872020892134,318
794,0.11918817862562414,0.4839060587570121,-0.5802814529624298,0.2053971878941665,-0.2982605991466307,793
795,0.1395093103885099,0.5307876081688828,-0.7381813502093305,0.18899056491869973,-0.2705635081337048,1192
796,0.05797605863452482,0.34368580926345543,-0.42591146723637974,0.1361223237559562,-0.2742968615187047,481
797,0.1916135376001611,0.637488814994279,-0.6045581695324218,0.3169480577003187,-0.29648544347501915,595
798,0.33865548093112263,0.9573342694953239,-0.5813303898931135,0.5825525154351378,-0.3210914670018301,474
799,0.5385164578916719,1.2653135066649752,-0.5360706876614516,1.0045624024713786,-0.31273504673014674,237
800,0.28534785491524994,0.8294692604600064,-0.4675953624715068,0.6102452629278114,-0.2745494259502028,369
801,0.3529828567194859,0.8884576290260353,-0.5375254587529973,0.656681187786657,-0.3831504087068204,435
802,-0.14228988353971916,-0.15454668282901918,-0.8810654321279814,-0.1614975214679067,-0.30654479357992737,1431
803,0.9591956563574511,2.002841915097229,-0.36250539205629817,2.6460176245005624,-0.28618453412241895,155
804,0.581772418870361,1.361681622146652,-0.4092649146900449,1.4215057240148816,-0.2523184833468084,381
805,0.5885895959639196,1.3911070075661502,-0.36333068267132285,1.6199831834636742,-0.2917784356797063,322
806,0.6353631454316369,1.4784554945435182,-0.436137464724331,1.4567956133583484,-0.2534143693093227,261
807,0.1892071156007793,0.6354242978616649,-0.5018990286469318,0.3769824303323763,-0.23672496216065875,471
808,0.23808685538434537,0.729959789629184,-0.5794083403459639,0.4109137525396753,-0.22159673615551667,859
809,0.27890790571014534,0.8024726730554163,-0.49840797381481594,0.5595975994833781,-0.27867307025948507,820
810,0.22916727931725478,0.7152770260904394,-0.4425212217072342,0.5178673204262023,-0.251119656942585,422
811,0.7625246390654825,1.5788428400288115,-0.46125516482403284,1.6531514381120975,-0.2748588637888416,205
812,0.3572236632860928,0.9806263102643703,-0.4092074139704084,0.8729647877590146,-0.31474874736988634,416
813,0.4934151189218128,1.2240335508452311,-0.4110674824741847,1.20032632100205,-0.26737377664854234,410
814,0.33619179487171347,0.923465692183013,-0.465383609655839,0.7223971534372136,-0.31536065285376214,310
815,0.09654109074103534,0.4377178076611973,-0.5190512788877815,0.18599528537508422,-0.3265393239696789,309
816,0.33138470847713686,0.9091927185784443,-0.4741995085093691,0.6988297173036598,-0.2923781057243894,424
817,0.362881990907598,0.9754663640806798,-0.4421336248817772,0.8207518507659977,-0.33150146501651134,325
818,0.3927411284844502,1.097290581426075,-0.39617622006338205,0.9913293847410067,-0.2042600387202378,279
819,0.0902671859423756,0.43712915110597156,-0.4668517373107379,0.19335300423717494,-0.27625756905545984,706
820,0.3090130015013042,0.8892171221569233,-0.6125267452011741,0.5044889940272144,-0.2806619218597268,542
821,0.7145452692947512,1.5774111217863813,-0.2923211848745826,2.4443841441095673,-0.23175823235199355,299
822,0.38785872732874593,1.009370980679635,-0.5224340927315637,0.742406999705578,-0.3544550193608482,281
823,0.682075789684377,1.5681619508482323,-0.3396313752085016,2.0082826248477392,-0.31042514720239944,226
824,0.40478364488343876,1.0263985404494278,-0.4411492960573071,0.9175661131075582,-0.27624425426794086,586
825,0.36278223746195515,0.9443563617043377,-0.54024450844559,0.6715149007358994,-0.39868941808497693,422
826,0.4040586316796404,1.0668020148437434,-0.42142333688721734,0.9587951029578978,-0.23921999964114804,325
827,0.11176076381018651,0.45500391244594013,-0.661118574441566,0.16904798644416952,-0.3390398540619164,982
828,0.3615876745196236,1.0191563911535295,-0.3076243571066227,1.1754195211346583,-0.22867471407093376,266
829,0.17693709738801155,0.6079478510500546,-0.4760648547455102,0.3716659518640517,-0.260138878838983,508
830,0.4883354119939223,1.2114614079878654,-0.4880751151580506,1.0005333130655256,-0.25951667544266166,428
831,0.7656278764780429,1.6378858960021794,-0.4233954577713528,1.8083044171236873,-0.28895146338942224,217
832,0.35101398421501995,0.9098063211435617,-0.47433334875153643,0.7400154029627102,-0.3084271438028081,374
833,0.5181146074075877,1.2609613167728386,-0.50316858174599,1.0297038134013359,-0.27675192915168223,379
834,0.6065574462354646,1.3487977358267182,-0.4079000627077034,1.487024645716019,-0.32788610034035093,194
835,0.6864973700925272,1.5307356007442463,-0.4745925581568694,1.4464983874981365,-0.264591605734656,271
836,0.17031178743964626,0.6233152345335357,-0.554265026497491,0.3072750025666958,-0.33922567577934004,455
837,0.4820894688802544,1.216971558938888,-0.4517153415849344,1.0672417438574173,-0.21753633881253587,417
838,0.15757273722229392,0.5764946002785513,-0.5006469948898438,0.31473820642220035,-0.24827551507070356,819
839,0.09976334297237188,0.45079365432673735,-0.5321215237815715,0.18748225454853681,-0.2994127433189061,850
840,0.40299520047523263,1.0427042979128849,-0.48366056467311747,0.8332190587992168,-0.23100502740687334,313
841,0.5532653140197881,1.2908105708312168,-0.6343823866576859,0.8721322118268886,-0.2727294910477094,626
842,0.5143795536270686,1.2681855135057878,-0.36198654671928043,1.4209908028045266,-0.31185469914953656,293
843,0.1743129729447992,0.6111934514534152,-0.5355927141880703,0.32545807350842754,-0.3056164398174931,835
844,0.4431379143897689,1.1233936802344768,-0.5456824875464006,0.8120801464278032,-0.3461946669157948,402
845,0.5563024701004573,1.3127947384806495,-0.44236338758623617,1.2575689709221458,-0.3149983202461444,244
846,0.26635121665579287,0.8070973298959064,-0.3448069625278365,0.7724647283892655,-0.2097749715153816,272
847,0.4148587032394462,1.0937902251398024,-0.6119910428764517,0.6778836194881982,-0.33851528301638634,545
848,0.5740302459368114,1.2952946812178663,-0.3434436848347787,1.6713955483355634,-0.3127361826854751,242
849,0.4723280271741759,1.2100773576491233,-0.48150538533490694,0.9809402792985423,-0.19930938574776347,561
850,0.2672765751321946,0.793390020818514,-0.46538405822487183,0.5743139895072374,-0.2758012082803938,797
851,0.5814321440031904,1.306300092287068,-0.4246680811621638,1.3691449152759956,-0.2796363371844969,426
852,0.239471106129181,0.7351562870343086,-0.6021371934752398,0.3977019003710293,-0.31002121036280716,639
853,0.18924046588703347,0.6412087096474764,-0.48296610687649244,0.39182970231786346,-0.27153025885525606,503
854,0.5982886019557738,1.3424962377884742,-0.4748897543122572,1.2598473572507891,-0.2643600343563688,162
855,0.047684384085888265,0.32804441020343006,-0.67424983453732,0.07072212945904537,-0.33113683155511453,1173
856,0.3104313919412731,0.869402178303378,-0.44880104315002234,0.69169044207748,-0.28934283216450774,350
857,0.2997607949906105,0.8616257856113779,-0.43592221946144893,0.6876474325189107,-0.26980010048951797,325
858,0.08920115423915931,0.4155784624876872,-0.5580525892241256,0.1598436347427003,-0.2815360964218041,844
859,0.2743413806605781,0.8349253357214044,-0.6318902778527333,0.43415983799091684,-0.26815765319040075,547
860,0.207115874721705,0.6638656961649193,-0.5350695630785613,0.38708214597378493,-0.30117018178545774,513
861,0.34473276927094276,0.9650051412986789,-0.3727262873340189,0.9248952407856607,-0.24939840179190798,455
862,0.4935424753601192,1.2069390285574437,-0.49981428744877987,0.9874517150746648,-0.3326968834411186,599
863,0.5428900398758105,1.3683501459457803,-0.37179075529783134,1.4602031711114394,-0.27891149659215564,238
864,0.20358972062272174,0.6911740469866839,-0.5705484299635659,0.3568316201233304,-0.2759689831244848,670
865,0.2887444869455127,0.8529876192305158,-0.5655648502293952,0.5105417828360388,-0.23830040046349188,567
866,0.23642215753178597,0.7455129265301064,-0.3890925991715195,0.6076244010685141,-0.3174874401034591,323
867,0.3258379673943137,0.9397906781142624,-0.443033346512253,0.7354705237414945,-0.2734331206153672,268
868,0.07964151530832941,0.3902336283548511,-0.6585243733049866,0.12093935856713466,-0.2586749776874516,976
869,0.5373792476437165,1.2798805485413878,-0.4583512718066812,1.172417926376709,-0.3265568701842022,243
870,0.14758770989335068,0.5306466350010384,-0.5792289559460181,0.25480029680544025,-0.26840828887263857,605
871,0.1265628828585441,0.5026388587676586,-0.5496840962832346,0.23024657928857073,-0.30229160653648335,616
872,0.2374332165194326,0.7431067342808879,-0.4078461187561877,0.5821637269554876,-0.2433155661505969,448
873,0.4034941428385339,1.0396473666494404,-0.4361240320792231,0.925182088487245,-0.3271154124263458,306
874,0.0018562504197745522,0.20916569803790044,-0.7697804084276009,0.002411402523956461,-0.38364439802289885,777
875,0.39008213594505037,1.0392864389662946,-0.4257269894616058,0.9162729768163546,-0.2629042259722144,288
876,0.9984646724094954,1.9539565530558871,-0.31754428595960693,3.1443320398355543,-0.2005189934075169,339
877,0.30603661568184104,0.8601850166773115,-0.37554999983760606,0.8149024519083378,-0.270835196480794,264
878,0.6772083396599693,1.483345191982786,-0.42260901330545675,1.602446512825535,-0.30061897026829787,319
879,0.20897951723189978,0.671668341354561,-0.45855193277757245,0.4557379487336464,-0.3215797313881529,574
880,0.18026912621521052,0.6048584500877371,-0.45822946894412886,0.393403607652284,-0.29355434497464217,954
881,0.2011074183924928,0.645412867185765,-0.7136932372236026,0.28178411662528496,-0.3546623221984586,855
882,0.6658398229963516,1.4892567513452608,-0.3361095988550318,1.9810199567776596,-0.2959035452955008,215
883,0.4618362304234358,1.1517519522334756,-0.46531673932465334,0.9925201296083416,-0.2602510086696752,469
884,0.6911925471847074,1.5382815502239537,-0.4183460503597797,1.652202875084582,-0.26116703737355407,565
885,0.23674764506352242,0.7265655783312671,-0.408598306041684,0.5794141619357818,-0.2575459618523951,312
886,0.2253586561753702,0.7492953926535889,-0.6139347577220008,0.36707264630457054,-0.31277172475566506,731
887,0.213056994521426,0.6944351095885882,-0.4368550412403539,0.48770638863751575,-0.2828515567461378,312
888,0.2766999300373647,0.8055378770482344,-0.5268710771294607,0.5251757821759783,-0.28023368316497976,476
889,0.28537570703013193,0.8480023514271063,-0.40248671401414293,0.7090313719525762,-0.28153445367183794,311
890,0.4591569970433875,1.148946876287852,-0.33952919930323733,1.3523343441024913,-0.2970403289944268,193
891,0.3565672010872092,0.9686044691161046,-0.4736736066148455,0.75276983160504,-0.2937576970291764,177
892,0.019595184087047635,0.2481690525005669,-0.7027982424634625,0.027881663474800682,-0.3341779913917029,656
893,0.12185661790285329,0.45257791533164465,-0.49455327352126555,0.24639735378804145,-0.2780880417867977,594
894,0.16326096795058764,0.6045482165723596,-0.7238556155529579,0.22554355377331922,-0.30203896899746485,913
895,0.08091106155003303,0.411887355117105,-0.645393718330276,0.12536698026649729,-0.2731602282031985,1032
896,-0.04522304195891258,0.1249789615111885,-0.7914641413584127,-0.05713845971757479,-0.3918571760102262,683
897,0.15229631192842552,0.5562283112391198,-0.5144614217197101,0.29603057780180825,-0.2536208618456217,550
898,0.22070368932992102,0.7082917200104801,-0.427435453284303,0.5163439008956585,-0.2598935802190464,614
899,0.29249387670808136,0.8546637721728458,-0.5915430546239664,0.494459151234587,-0.29082554927921667,459
900,0.6637085161611123,1.5305750753831655,-0.3525261054168549,1.8827216083083846,-0.20871823541536894,476
901,0.27695260318102877,0.811638210800046,-0.5363085807520998,0.5164053179843597,-0.3060077138690125,351
902,0.3042750832114367,0.8546780401804158,-0.4054845428266246,0.750398723192606,-0.2441626757394051,389
903,0.07207540329744644,0.3466155510497841,-0.5980671214653642,0.1205139033907259,-0.3324106342030557,376
904,0.5273900160179765,1.36424719209304,-0.5163637784114972,1.021353623293252,-0.2504374427922411,382
905,0.5514473623918803,1.3609690237754049,-0.33946750147299276,1.6244481725027577,-0.22822165976096553,309
906,0.5236819893419589,1.2848346653187763,-0.556174373033168,0.9415787830819896,-0.3019773142919082,693
907,0.24777454870036042,0.7369382116766164,-0.5171856438791675,0.4790824177599352,-0.31783392618590145,544
908,0.535850065226269,1.2746496650846706,-0.32199715337205137,1.6641453491581693,-0.27565275065853234,262
909,0.23640236515669022,0.7396199598106844,-0.432122086566594,0.5470730900033698,-0.28580459975335437,389
910,0.29783896388465103,0.8842904047473407,-0.4097693183295916,0.7268454483092579,-0.24038183846913064,574
911,0.48676798030228086,1.1490649018377415,-0.5549784007841607,0.8770935582619045,-0.2976782444424997,435
912,0.4368998921862104,1.064945313029745,-0.5108097674725591,0.8553084142222883,-0.3717424166508172,222
913,1.0244880276518344,1.9001559762089497,-0.3749606033787969,2.7322551180580024,-0.2557458456946001,266
914,-0.07212461896861133,0.045228712456787876,-0.6813692306226634,-0.10585247429312425,-0.2881517660133396,784
915,0.625735427427665,1.4180305868717276,-0.3543569982078705,1.7658334126100717,-0.2307326303359576,333
916,0.41133675885578747,1.0544427180391995,-0.45643591412260154,0.9011927986571623,-0.33059289911610656,337
917,0.30193072657792874,0.8467807331169317,-0.6973125053805653,0.4329919860151468,-0.2989370976488621,595
918,0.3761976403679068,1.0085119252775705,-0.4552178916470788,0.826412246247046,-0.23598790072825737,362
919,0.3387624003956846,0.9503682163630304,-0.4091930504021698,0.8278791637901391,-0.31566629195817675,340
920,0.22017586468169403,0.6750214287500154,-0.6002787085969854,0.36678939553979,-0.32611473213313114,786
921,0.7390191576014185,1.5496274729317392,-0.31485017108763946,2.347209007536827,-0.29904843969374173,128
922,0.6070712660789113,1.4269546971130196,-0.38718183131037653,1.5679229162802961,-0.3191875811832502,294
923,0.14285556316788361,0.5234124790077701,-0.40905838753504586,0.3492302505486323,-0.29907982050914694,463
924,0.4884579468109236,1.1817602212349358,-0.623212836936858,0.7837738856788224,-0.3245462582908263,454
925,0.14467689799462757,0.5484649683748182,-0.5213117024777612,0.27752474634079294,-0.32491724069325534,296
926,0.6802760860759642,1.4742962882064945,-0.3824667194086422,1.7786543287420808,-0.23264429977888323,377
927,0.6653751754618269,1.5063708315109794,-0.3349282223820428,1.9866202099351693,-0.28755707527725105,247
928,1.2240718301867952,2.1610834050584473,-0.27718087397499624,4.416148245124646,-0.2429756316502204,203
929,0.12331263698825623,0.4957969404778909,-0.6687859914137952,0.1843828049202656,-0.2817320025243739,982
930,0.10430065962274004,0.46831133852505163,-0.49977414731715875,0.20869558816244732,-0.2806247963823766,340
931,0.17722805861981716,0.5927377274969189,-0.5555726857078328,0.31900066936159405,-0.34460651649195684,840
932,0.5922475235296845,1.3728405071889243,-0.3759823552769922,1.5752003125076608,-0.2695339896508838,467
933,0.3856197228148064,1.0041305935674525,-0.4812409947305415,0.8013027298946638,-0.3749810864688766,473
934,0.09913081289080661,0.4259766708568553,-0.6676167991398312,0.1484845992769032,-0.4017752410357379,1256
935,0.25367864298732634,0.7465670348830573,-0.503748532923245,0.5035818993163773,-0.25687017193203154,363
936,0.7401889829142154,1.5954839166736674,-0.34446101679525265,2.148832369481691,-0.2985661436595487,293
937,0.05679413727878768,0.3414138762716916,-0.4692293051080345,0.12103706367127155,-0.3010856105836448,708
938,0.4770267389157927,1.159410757109504,-0.3726997920558691,1.279922203026839,-0.31373143690595895,145
939,0.41145859046217037,1.0571954535183274,-0.41259301320828,0.9972505042262144,-0.2758080239154532,322
940,0.27814322670708513,0.7930605432721943,-0.5379859713955074,0.5170083264171298,-0.2649107997729675,502
941,0.2989171406420219,0.852725561971477,-0.4913201692689475,0.6083958268735257,-0.30649251231919794,595
942,0.1038394134838787,0.4553599454922426,-0.5056694827604811,0.2053503662451863,-0.35121966373877633,745
943,0.3903032305533063,0.9849136756189546,-0.474162480742093,0.823142375040847,-0.2335074631249151,344
944,0.487177955702383,1.1920211222707888,-0.4201707930633952,1.1594760124816141,-0.2373411046538939,338
945,0.042437439096964624,0.30141225936042276,-0.5753943652726885,0.07375365776627453,-0.3219505027547428,606
946,0.5522293527525217,1.3015697069641967,-0.44247188211290434,1.248055243907252,-0.24510299281560888,501
947,0.4034052989727499,1.0443927546680984,-0.5386711400697344,0.748889756597182,-0.31417352638136953,624
948,0.4618463521545324,1.1337353551900078,-0.5384993545520915,0.8576544210320978,-0.24754919343620896,370
949,0.23519077938437372,0.7056620615949325,-0.6678763021857983,0.3521472144087924,-0.3241159479151803,749
950,0.2987973132406847,0.844132753506542,-0.4080223418405857,0.732306255321246,-0.27273896358616445,745
951,0.5383340363612625,1.309182731875734,-0.4107299111779019,1.3106764852294643,-0.3473416081336491,203
952,0.7911279889887113,1.6158227470129964,-0.40678805737825174,1.9448161632067806,-0.3031201211418343,192
953,0.12479638272410032,0.49026359703723854,-0.8681361641356422,0.1437520839237858,-0.3779353327641176,1004
954,0.23106612923884784,0.7408821276294738,-0.5382080325891037,0.42932493617250767,-0.3542683048165176,955
955,0.20035370139987174,0.6493548400574327,-0.5160640799075373,0.38823415385889465,-0.27460796024693335,676
956,0.3688568647644148,0.9566976230265469,-0.41680974653093095,0.8849525900830689,-0.2956841941508148,231
957,0.1975442447826934,0.6353394021359633,-0.4565878356675741,0.4326533239630995,-0.33469100803311236,444
958,0.3440555711725639,0.9631536647583017,-0.4658932756563018,0.7384858059775479,-0.2211325388006411,494
959,0.20992609474384638,0.6663366893486632,-0.5273310092796024,0.39809169392604216,-0.2753279258685084,175
960,-0.025914246103760363,0.13030422816116422,-0.4913951979482195,-0.05273605890322734,-0.2526745918925244,986
961,0.6254554509565857,1.5035254001713638,-0.4526093284876683,1.3818881131912568,-0.29093593746893054,182
962,0.5420651591204055,1.324650166233639,-0.3691704501229315,1.468333012406332,-0.2823572598067329,244
963,0.3814598580212758,1.006051961853694,-0.53597279544886,0.7117149625137511,-0.2660827353894156,479
964,0.2910598422752195,0.8259988698701003,-0.41570660602668186,0.7001568848211617,-0.2809369689225222,267
965,-0.0032525118562198863,0.18735438499128276,-0.6529893468015121,-0.0049809569974631545,-0.26668532527991773,1208
966,0.29070909896753916,0.8558253663168575,-0.4181531399483761,0.6952216094884023,-0.3099565318522596,398
967,0.20992741400457593,0.6768554703902196,-0.4361562386861876,0.48131241831351573,-0.24004593691469978,466
968,0.2702064588388826,0.8166415525184204,-0.45690828265588823,0.5913800845724293,-0.29262894675816975,438
969,0.21843147047185063,0.6851780005462197,-0.6593191563254431,0.3312985348237505,-0.30203896899746485,903
970,0.13282817488952592,0.5235074610978991,-0.5563331715637869,0.23875652518824572,-0.3025439585656331,661
971,-0.055374660613844995,0.06490024626653919,-0.6175992361493324,-0.08966115463338377,-0.2921775325574799,371
972,0.43224504528953966,1.1448448370772752,-0.3350013695528198,1.2902784423434646,-0.238993130679376,293
973,0.11274291335869768,0.4662094246937138,-0.5300294712509057,0.21271065001841635,-0.3193621519603388,365
974,0.3392738565685669,0.9707263349473118,-0.437988833628024,0.7746175941478591,-0.3131450779340412,343
975,0.24576298745399128,0.7417935408738215,-0.5689667594916887,0.43194612576937597,-0.35333216895967245,765
976,0.27838707167266974,0.8260950816259441,-0.4572084456337082,0.60888435970778,-0.3387683587837339,512
977,0.47179568359744994,1.1258686105684348,-0.4440436752206486,1.0624983755550874,-0.3112714547818043,285
978,0.26600309014676693,0.7998637577033364,-0.39232310111547064,0.678020461681851,-0.29211210488298944,621
979,0.5489031770958293,1.3216851631583335,-0.389839030090144,1.4080251968842223,-0.3008299778718694,221
980,0.7000850504228138,1.5469113748058694,-0.2990069824229712,2.3413668963505443,-0.25767710655835585,148
981,0.6198099094089968,1.419548032314332,-0.4531692751218692,1.3677227107736145,-0.17623780833550284,395
982,0.39444891880173816,1.045739272070708,-0.4958018948198031,0.7955776751218323,-0.2810373952490448,247
983,0.06521108634826178,0.3405743843363923,-0.5857293117554475,0.1113331449177817,-0.30203896899746496,791
984,0.7866993162275853,1.7907517270938502,-0.2652263477145863,2.9661431566149044,-0.20460598940537378,100
985,0.22468275638337643,0.7073016843725017,-0.5356214055389188,0.41948053991104123,-0.2659927665937025,480
986,0.7091556508223469,1.5495938852580902,-0.31881170302994644,2.2243714521224303,-0.22491221472987866,138
987,0.3789358784113983,1.004755187943302,-0.4610877666120614,0.8218302584683795,-0.24402185594864367,343
988,0.2008101382001748,0.6564153588349039,-0.5199247182985898,0.3862292580689551,-0.28557132339926794,595
989,0.06927225479416976,0.3673422160271787,-0.4019400350891461,0.1723447498301728,-0.2719523455403805,358
990,0.4757497611751291,1.1609350251150248,-0.38712465842880595,1.2289316911664043,-0.27963717727845994,371
991,0.6289544431107135,1.4711949734162688,-0.31234133279207044,2.013676632190772,-0.2582920913351534,176
992,0.42849061750097817,1.071858039730596,-0.34651447102856603,1.236573515181287,-0.2673702344177672,188
993,0.3430936107656364,0.9293288602574313,-0.34430183493919386,0.9964907994935001,-0.2921007093081619,271
994,0.02809177754958392,0.27456452965412576,-0.6490048840646595,0.043284385432737625,-0.3143699210314611,707
995,0.07554479557848914,0.3713430733772485,-0.7962137900772819,0.09488003915525833,-0.31823583954531365,1051
996,0.441898734605213,1.1428484582796834,-0.5097923075345172,0.8668211114097534,-0.3127717247556654,314
997,0.39070859792134405,0.9998669297340796,-0.5442161439781424,0.7179290843254298,-0.2850622044269755,325
998,0.23293829479896377,0.7080838068532924,-0.5504450848942998,0.42318171456412257,-0.33938621904514543,492
999,0.22951763821746574,0.7139821943166444,-0.4847073755947191,0.4735179404601706,-0.2936505379137949,433
1000,0.3562633396996493,0.936106017059901,-0.3418988538557306,1.042013846147551,-0.29107636265007664,226
1001,0.07163773193420053,0.37770700827981896,-0.6282499712312953,0.11402743368821663,-0.2631493239200966,1295
1002,0.18976495105414481,0.645792066872239,-0.46370824881328576,0.40923350304806533,-0.3043206971926147,321
1003,0.6776214300803114,1.6573462278655469,-0.2558717332090411,2.648285613974838,-0.20610588638723748,182
1004,0.38328165156286187,1.014457566397654,-0.27684784737321166,1.3844487331200717,-0.2562158300510705,360
1005,0.4625462821486639,1.1943677365079244,-0.41701615277163895,1.109180733346695,-0.26241628659887006,329
1006,0.16996100641074974,0.6033249563846529,-0.5044434921895549,0.33692774124813857,-0.2879049943014942,939
1007,0.910119697418365,1.839529676490586,-0.4099319967239785,2.2201723814966807,-0.2678536095998626,165
1008,0.8517414346913992,1.784531497831612,-0.4695106925049318,1.8141044459439064,-0.3163229827195153,278
1009,0.3047712486532359,0.8667642171064374,-0.6006756770894728,0.5073807052251246,-0.3755705837353095,1035
1010,0.3315928286403771,0.9570749920235355,-0.42984551768030455,0.7714232555682891,-0.26802547166956237,376
1011,0.2034182562921909,0.6677418669228208,-0.6726366382342575,0.30241923310360463,-0.31648542938740765,429
1012,0.23249479447043964,0.7493499641293244,-0.46941825191505127,0.49528281766196275,-0.2791239224173744,411
1013,0.0898073713724763,0.4288899619074462,-0.6433588274730246,0.13959141856375915,-0.35910584349128594,573
1014,0.1457578336825489,0.5453138057357042,-0.4588225278521235,0.3176780232759757,-0.28109052824974345,611
1015,-0.09738516627408111,-0.02800707613125233,-0.5739101848968874,-0.16968711975651382,-0.30218717428695574,1347
1016,0.5495782494719845,1.2989090482438308,-0.3200123459305765,1.7173657718543462,-0.25593475001283117,188
1017,0.4696186891377274,1.1830186751045342,-0.4196560297386033,1.1190562171363176,-0.2903487381965134,286
1018,-0.020249262018164127,0.1688917946246299,-0.790475696644719,-0.025616552291379557,-0.3100630102339038,1073
1019,0.18134524280359066,0.6044452503483623,-0.5039426061110098,0.3598529685811948,-0.2506597664564447,687
1020,0.5067022500793148,1.250746854454583,-0.3446803443944779,1.4700642445088394,-0.23765552909868126,291
1021,0.38969282053727783,1.0352875104155739,-0.39290194334915496,0.9918322551817329,-0.2712325880961103,376
1022,0.3641559869379676,0.9860337250676625,-0.43663851160233147,0.8339987822000059,-0.2959977839516539,380
1023,0.11004773756956987,0.4550148220002072,-0.5365562790942735,0.2051000833600055,-0.3029718807125342,663
1024,0.34208804926511793,0.9340451287014832,-0.4406138154771163,0.7763897482304083,-0.28907457863220953,503
1025,0.23003284808378743,0.7023577741062993,-0.7081841161282434,0.3248206827080704,-0.37222015996895963,558
1026,0.3538290385973324,0.9849878328098765,-0.3328234125978181,1.063113426533179,-0.29675862291942157,187
1027,0.6320767054624497,1.4654772011801989,-0.4155928669688448,1.5209036432038516,-0.36309599180187113,349
1028,0.28131059989560536,0.8443697001748423,-0.5732483039516727,0.49073080191672236,-0.3315815094194128,800
1029,0.322432392910468,0.9124476577166538,-0.457458996154653,0.7048334290522147,-0.24642779488144462,456
1030,0.29141172697020656,0.8659516558475384,-0.4447524146564372,0.6552223605021157,-0.27117013567384896,413
1031,0.5463191359467809,1.298528532044083,-0.352476161742888,1.5499463374924367,-0.33780714039583326,201
1032,0.2164425029650443,0.7053861292860615,-0.3376635899338022,0.6410004199963554,-0.2549158344765795,346
1033,0.2060314593232031,0.656704534932492,-0.623008939620509,0.3307038570725843,-0.3237756606585843,701
1034,0.24078252799590572,0.7502937955974289,-0.5080465487807954,0.4739379266993015,-0.3491666293874425,531
1035,0.6065461462476793,1.3814655428450697,-0.4103260580838919,1.4782052816242781,-0.30287517999771163,255
1036,0.28185161066684783,0.8435094714505434,-0.4500646455741518,0.6262469479407498,-0.3181488763290007,290
1037,0.9373677077582077,1.8290729073307441,-0.352822009720027,2.6567722022274975,-0.3026185644607404,207
1038,-0.06073587932810576,0.04345987908679246,-0.6509046980368585,-0.09330994154948702,-0.35428212256221314,393
1039,0.5397465287975833,1.2654478539063858,-0.4605032183201888,1.1720798190432982,-0.22961388495093382,315
1040,0.5548489162025934,1.343353980593692,-0.42479105240796655,1.3061690284138097,-0.2513206948869168,373
1041,0.25956971623032454,0.7820671919272738,-0.49457808211314325,0.5248306093979788,-0.26176672445632476,882
1042,0.23330143146783966,0.7247428080624727,-0.582316659945898,0.40064358022920943,-0.2770058030608902,646
1043,0.07616971436582642,0.3789970090558888,-0.589928137356774,0.12911693737327343,-0.2725805753150554,780
1044,0.154600889663274,0.5714382859119531,-0.5491250275072044,0.28154041778990974,-0.2777267040901533,373
1045,0.27207316524211733,0.8017424610481437,-0.5065204588068863,0.5371415122757098,-0.29775199054512336,315
1046,0.14752273018655226,0.543138106956833,-0.527954047864611,0.2794234285791159,-0.23573375776607441,516
1047,0.07977419619235815,0.3970589348271037,-0.6454169224742731,0.12360102968254295,-0.29966438500090675,774
1048,0.17018194410482157,0.5804967461517968,-0.6138145025834079,0.27725305183987,-0.31568350793600786,445
1049,0.4086669774281735,1.0469473161200358,-0.43702694046929547,0.9351070599659874,-0.2629081088048436,332
1050,0.32661218014554727,0.8679218900030109,-0.48579303704338916,0.6723278335427758,-0.3538366019143857,357
1051,0.44369261252890313,1.1263318902172488,-0.5828380741612064,0.7612622307961693,-0.31258658719773047,235
1052,0.5954206742649533,1.3880396658680128,-0.34411460949513784,1.7302975748065885,-0.2545542602310009,301
1053,-0.14955335114593027,-0.23206764582522926,-0.859255216683533,-0.17404997751792683,-0.32890003464768547,674
1054,0.2098918975510382,0.6746253595542709,-0.6148909568684346,0.341348161339032,-0.32931267290769795,622
1055,0.22974382287006057,0.7664266886275738,-0.3939849077554173,0.5831284862634477,-0.29498763116314886,319
1056,0.4451592852334423,1.1269978212453817,-0.3470420149980358,1.2827244713754957,-0.24393871496886632,222
1057,0.2384067001860204,0.7381692058857681,-0.41343068800051086,0.5766545810593668,-0.26984993386402856,346
1058,0.5636212843802364,1.3401941653382163,-0.4767728138632661,1.182159024155009,-0.2830634154534988,464
1059,0.4373452786650802,1.1095875381486342,-0.3133465322940374,1.39572401029377,-0.21329356587283266,329
1060,0.25867873449731027,0.7839087580354448,-0.5052737240140122,0.511957622577929,-0.30800980187468285,619
1061,0.19636405300653093,0.6232036213973119,-0.6798090598261097,0.2888517741389905,-0.31654372910307427,562
1062,0.5667613994413983,1.2982099887780592,-0.45181562898379424,1.254408575276901,-0.23905310314855732,468
1063,0.45501032333546365,1.169494145164182,-0.6520401588006408,0.69782561272362,-0.28652554330666,249
1064,0.11393432480372301,0.5053752103184315,-0.5996525079876547,0.19000058081316093,-0.30107946730142643,562
1065,0.8045669287981527,1.740373954247397,-0.3763138563110632,2.138021003757813,-0.29469073400221635,198
1066,-0.020382164598389152,0.1487953526682538,-0.6273535397486936,-0.032489120259931704,-0.2967579540305837,1249
1067,0.4076893857623465,1.054508288926497,-0.4910274848504905,0.8302781378652988,-0.26854075291101676,552
1068,0.2839078959448078,0.8238245844902202,-0.394767659618518,0.7191771894870035,-0.2863160714535732,390
1069,0.7748462204659363,1.6639224103444124,-0.22307643856209702,3.4734561187206916,-0.20723210967222072,100
1070,0.8886192111836104,1.8466575697306353,-0.2915103490843699,3.04832817762646,-0.212542851414124,224
1071,0.6475938332777595,1.4899363110121495,-0.41805148882764687,1.549076729983248,-0.23025842143707698,389
1072,0.2799145124289113,0.8344336672091921,-0.49995675169383136,0.5598774523607758,-0.2909680272087324,422
1073,0.5485309298045224,1.3942157683374439,-0.41039897986103224,1.3365796620407389,-0.3095674486208754,300
1074,0.24188188917562958,0.7736736055638522,-0.6443324944677012,0.3753991786111208,-0.282051293488365,887
1075,0.24853716796946412,0.755252785984925,-0.44919796625538555,0.553290946620541,-0.3072913803709677,367
1076,0.3449787468983363,0.934280894779085,-0.3384027619251304,1.0194324211061279,-0.3049178145213648,362
1077,0.45267580960456,1.1452396056235752,-0.3804264389978851,1.1899167965218016,-0.27311151777743714,317
1078,1.0591308429728663,2.0705075515305964,-0.5199184806055133,2.037109436347347,-0.2812589779686039,147
1079,0.48021101165962743,1.1920496336077377,-0.342001800555074,1.4041183727110145,-0.2065403550348308,162
1080,0.929294658319578,1.9265935800340874,-0.42759277830995723,2.1733170096851886,-0.3518262439922625,256
1081,0.07067860736946852,0.37281890822972,-0.5474271001843518,0.1291105379066304,-0.2918633819633293,1198
1082,0.4068323913099381,1.0583860345002711,-0.4016896665489702,1.0128027310365002,-0.303844152908209,300
1083,0.48741160707892317,1.1828020293955501,-0.4659701158061563,1.046014734733947,-0.29693550277936376,235
1084,0.32659100303828836,0.8872456161681072,-0.5454462686846988,0.5987592578565751,-0.23110721612259244,489
1085,0.3372787858441104,0.9119739180870173,-0.5675084710343958,0.5943149804078757,-0.2817896906963251,559
1086,0.34308658483980414,0.9412469875541174,-0.5123034419430488,0.6696940850886262,-0.26603773893226734,437
1087,0.3717203114032668,1.0189964988406806,-0.3931433645915201,0.9455082926033558,-0.1891833362385874,428
1088,0.4969852057428794,1.2239227600190286,-0.264841614921682,1.8765374387625828,-0.20800626661289578,145
1089,0.3666994753597026,0.9757998030584271,-0.5228129765215881,0.7013970422070439,-0.2750195048791554,373
1090,0.048307666631120405,0.3236116079185767,-0.48690156482695923,0.09921444111252456,-0.2637744200258443,826
1091,0.32402828103851533,0.9073544604848868,-0.4307399276553565,0.7522596820830985,-0.2803297425618707,321
1092,0.35621199413224436,0.9795324816465029,-0.44669612936853065,0.797436939146532,-0.2976705342562761,779
1093,0.23185985662717856,0.7218715259708234,-0.5862923037042883,0.3954680202387973,-0.31630341966073516,384
1094,0.2920696845043622,0.830458452868276,-0.4728646331304657,0.6176602436320898,-0.34294541218173114,602
1095,0.5568692805328588,1.3031323259413599,-0.4311133652840152,1.2917003400393217,-0.24403854519197576,438
1096,0.362246137438627,0.980117130872178,-0.5536702194002983,0.6542633588474198,-0.2546984685067636,495
1097,0.5727398393395702,1.3842878084973496,-0.4256679829765576,1.3455083826943877,-0.19708462305550312,527
1098,0.6368753245929863,1.4184959483069144,-0.4048177399067827,1.5732396627174479,-0.2653431427001819,232
1099,0.41689035741007285,1.0750991607318587,-0.41126129630826946,1.0136873106035829,-0.2749660055057037,260
1100,0.20646191945993353,0.7029562425438741,-0.4682596579584569,0.4409133179656711,-0.26716289880511856,615
1101,0.6038052746688181,1.4313449827586326,-0.33091627932062617,1.8246466324003014,-0.2324302141668283,170
1102,0.6588321634992942,1.4182420776336064,-0.26632465047235165,2.473793403392415,-0.26278205936771315,206
1103,0.15250563908526038,0.553710955892878,-0.5669757390195129,0.2689808903446075,-0.3727868342109053,464
1104,-0.035135207957121106,0.10803757933846239,-0.7263280030736076,-0.04837374823556188,-0.2689827734846715,1324
1105,0.354547658408378,0.9652406493966658,-0.4540192818427483,0.7809088128798398,-0.3641368905417066,624
1106,0.0012613172188726818,0.20513170964364918,-0.6028145945036028,0.002092380029238233,-0.3182057605476204,1188
1107,0.22819026372681162,0.7255132485438384,-0.5524342038276657,0.4130632429088271,-0.2857983526285177,572
1108,0.09146170803605713,0.4369824809972035,-0.7621734094577527,0.12000117939187546,-0.34652237650221496,1069
1109,0.20743810551132502,0.6482718498236053,-0.6192965342300606,0.33495763991190763,-0.23753290076515532,1092
1110,0.4050627629659236,1.0641629822239473,-0.4081945916633092,0.9923276085441896,-0.2825066449324781,283
1111,0.6095511602819264,1.4053965179230876,-0.40372504282170074,1.509817563016832,-0.24569837299265596,409
1112,0.3023253706014841,0.8607399749727429,-0.4546785420550006,0.6649211313889387,-0.28850393808406494,458
1113,0.7694478318639455,1.6512225712577806,-0.4961844804647998,1.550729339908348,-0.3350823590501789,166
1114,0.3110792445817667,0.8909343154890533,-0.3937701694188429,0.7900020589189933,-0.3317034784709644,462
1115,0.35945179629407664,0.9819889481137376,-0.6294885109447086,0.5710220123868937,-0.3575609069910627,622
1116,0.23663298778269937,0.7296746955375727,-0.6530167291642106,0.36236895199540065,-0.29678733684245495,690
1117,0.23865179152652427,0.7292553540151165,-0.48678945272951457,0.4902567017184975,-0.3966449104962201,435
1118,0.2511484167395617,0.7417110705260808,-0.5007033709643758,0.5015912240731258,-0.32952962093215865,339
1119,0.43496975797826787,1.121642698791352,-0.528860862194735,0.8224653951006589,-0.2598935802190465,489
1120,0.7839336812839128,1.6955228367765278,-0.473109700856567,1.6569807802811858,-0.2650169235102823,347
1121,-0.02705229778602669,0.14080707860006494,-0.6109220533157536,-0.04428109550015667,-0.3321551823448634,507
1122,0.4428876387386158,1.159372384577416,-0.5386580180451933,0.8222055996601867,-0.3323948051032083,327
1123,0.5193927909953644,1.313674297106458,-0.2906915929640713,1.786748580168123,-0.22916681181266285,216
1124,-0.02628220470200404,0.15223288999633472,-0.5296174431480023,-0.04962488498449898,-0.31394541244627394,907
1125,0.0833289548968772,0.40901132151171193,-0.5915169359860004,0.14087332048739407,-0.3044643580029166,733
1126,0.1420287616165674,0.5207631986726976,-0.6542960889437572,0.21707108450831056,-0.35645241709837394,891
1127,0.11951231922293881,0.5332221914206122,-0.41482934288674955,0.28809996513570224,-0.27662848637491355,507
1128,0.30067908297917767,0.861355840191909,-0.5305392688871999,0.5667423706634358,-0.2848817512716275,550
1129,0.2794673086187862,0.8538059000877137,-0.48798358383764806,0.5726981764857173,-0.29574215079319965,417
1130,0.9166504653460108,1.8333694836637071,-0.341039874978034,2.687810231589638,-0.24551970884332797,192
1131,0.3496641164096761,0.9307483907925431,-0.45019947242575264,0.7766870861167947,-0.34688524914002716,533
1132,0.25312624616691215,0.7628815057922443,-0.6059228394144864,0.41775326774529964,-0.31959574540150626,655
1133,0.3440619569849246,0.9532448313870356,-0.5781508003037887,0.5951076376684726,-0.37514422214815035,465
1134,0.47203279305266244,1.1403279672225723,-0.3938310603247882,1.1985666967541415,-0.2956063046774361,324
1135,0.3205027226584567,0.8961884939157123,-0.4317704159452247,0.7422989413408916,-0.25860199257737837,416
1136,0.7880113419456924,1.705680056505548,-0.28202187754528785,2.7941496908130876,-0.2336793288841359,126
1137,0.2798126666700207,0.8391357587706614,-0.33475063470965316,0.835883901796682,-0.3139650345764261,223
1138,0.0572288854309837,0.33596722441395444,-0.5007002970822687,0.11429768618967003,-0.3051707471431623,428
1139,0.09241851567161463,0.4280654718772242,-0.641669451720685,0.14402823046007163,-0.3122725883734071,623
1140,0.5210020181150112,1.2379491971474528,-0.4813016951105288,1.0824853172299038,-0.2755433977935915,337
1141,0.14184086906198412,0.5223926926783838,-0.5482291665909247,0.25872550697001195,-0.3329780057799169,867
1142,0.33138349489389096,0.972299486911401,-0.5133018845530564,0.6455918142253347,-0.2939107094399216,788
1143,0.6104743291017163,1.402406299927607,-0.4678291281017851,1.304908763545172,-0.2821377862361423,331
1144,0.25366776942165803,0.765087287644294,-0.5126445941969526,0.4948218947261571,-0.24343294695725182,447
1145,0.26099731934958603,0.7631510915348412,-0.6192876059415537,0.4214476712363239,-0.2930374745920573,359
1146,0.282460109391655,0.8402358381858099,-0.3888168295213775,0.7264606054716185,-0.28002090134259083,297
1147,0.32229833895477245,0.8951313469549536,-0.5214448338436515,0.6180871264541273,-0.26898277348467126,486
1148,0.5349883783963914,1.3362049522225727,-0.4530410854853,1.1808826959332155,-0.2530292605593404,263
1149,0.31289818136360315,0.8961988904593409,-0.47515811293822374,0.6585138143359107,-0.37170696821323623,519
1150,1.0470826924013261,1.9920782647363895,-0.36680380921605793,2.854612373407945,-0.32371197688777475,197
1151,0.23681286123747336,0.7428376736876506,-0.4242282370711813,0.558220411899971,-0.27211131347710893,293
1152,0.513562581182498,1.2135968684613854,-0.5449569065568207,0.9423911780975853,-0.30288188720198483,435
1153,0.20861675105361432,0.6714022664798124,-0.35814342630101526,0.5824949886928106,-0.2742397741134702,391
1154,0.2569139126679305,0.7641466108659369,-0.4072212637072493,0.6308951313815123,-0.2500815073968098,411
1155,0.3914273687194709,1.0309711707020033,-0.41176053538166735,0.9506189522428387,-0.27524566169049325,334
1156,0.10960353788416421,0.4540396924377937,-0.5152800364837387,0.21270674220584346,-0.3062596926306931,722
1157,0.2379048714935279,0.7709283642038227,-0.5538437713858926,0.4295523102087337,-0.3452943608252711,854
1158,0.36209256302408654,0.9816701497901187,-0.4530804893276936,0.7991793324876556,-0.2796422021080819,308
1159,0.35491503906289945,0.9638382720864941,-0.5817898101759822,0.6100399712321247,-0.2756895297642894,478
1160,0.258029522310397,0.7843898329191065,-0.5148016314224776,0.5012212599199054,-0.2944678543918532,261
1161,0.18374930903679854,0.5920830543046876,-0.4563965676886875,0.40260887580148436,-0.33972330513816884,306
1162,0.030701398341599573,0.28009808368382866,-0.615269931724189,0.049899071543386075,-0.3660662346888599,1127
1163,0.3925726427637344,0.9850453995150906,-0.6091005423828089,0.6445120558060666,-0.30429404959701645,479
1164,0.2904877629209255,0.8049295351652643,-0.461218211896134,0.6298271738374961,-0.3240542696183719,490
1165,0.6975988274622384,1.5724925879842828,-0.33224214880250236,2.0996698642137614,-0.26889661186500924,130
1166,0.2355540395802107,0.7201895894489683,-0.49432028613665036,0.4765210859970532,-0.3300164874004182,476
1167,0.3452991537252257,0.9653534984796488,-0.416528652462564,0.8289925595364892,-0.2631649149707985,405
1168,0.28484009853840964,0.8572981792083105,-0.4053796331469661,0.7026502449745516,-0.32948197445608085,310
1169,0.29538402186518065,0.8715986198616733,-0.4716957326619361,0.6262172867204675,-0.2781920465075053,367
1170,0.002701151871220997,0.2072096338897949,-0.5935491429507218,0.00455084790080348,-0.3366446439648604,1135
1171,0.33761738437165967,0.9126225577121087,-0.4728132922648791,0.7140606871570775,-0.28854911973275865,772
1172,0.6283715007327542,1.4133712381686367,-0.34126992573274995,1.8412741743461882,-0.3197308914689615,110
1173,-0.09113363600270319,-0.05298203132728766,-0.8114330354899569,-0.11231196169832446,-0.298011494595562,1293
1174,0.16592642911179634,0.5801354657506888,-0.36946529375239756,0.4490988244838886,-0.33838582288839525,345
1175,0.1908129807493224,0.6346077844408697,-0.45974189872795634,0.4150437044726098,-0.31039094361416064,504
1176,0.1558135140092105,0.5869808277517109,-0.46998320070636157,0.3315299648477445,-0.30736080067586447,447
1177,0.3351489895472237,0.8963469933692042,-0.6076825361622865,0.5515198637495804,-0.2793989925900998,446
1178,0.3081146790488347,0.8612516229740135,-0.5777025164255837,0.5333448795674829,-0.2530964492257243,620
1179,0.005534771871851696,0.2127661527355505,-0.4671241607710235,0.011848609720199741,-0.28369788535408313,312
1180,0.4834385529500247,1.214390040730309,-0.41535580506012315,1.1639142803843718,-0.2957249181294098,355
1181,0.057172288913281966,0.34552783682050603,-0.5961399909621881,0.09590413288832403,-0.32688541100176105,489
1182,0.5041497674115645,1.2745985680169067,-0.5643721859841495,0.8932930784539471,-0.227142732996243,570
1183,0.014571994319708459,0.24177583094813954,-0.7901736828699795,0.018441508032489402,-0.3297338520336919,1399
1184,0.3512253450277427,0.926390444613767,-0.540054619943525,0.6503515238226669,-0.24794070740942642,462
1185,0.10704753836086711,0.46534004237281196,-0.5630759980559511,0.1901120607705785,-0.3086274677702687,559
1186,0.27009970753523804,0.7944964759471055,-0.5491315306168796,0.49186705274748166,-0.2839573808146707,371
1187,0.3821518436963387,1.0661606752099377,-0.3932591576871244,0.9717557397617613,-0.2487136861360818,290
1188,0.4709649615706164,1.1187888010219864,-0.4567488838435655,1.0311244936329607,-0.3217691333924949,338
1189,0.19602962022339687,0.6660337331796357,-0.35863318884128537,0.5466020053993124,-0.30312421658697786,262
1190,0.17416413077802484,0.5825232724344237,-0.6033102578318966,0.28868087110587975,-0.32114617268714585,827
1191,0.23959913519902876,0.728773322743256,-0.49297523301699353,0.48602671929924207,-0.2770934806393188,465
1192,0.3920004602284597,1.0241201260559167,-0.5624095226456685,0.6970018188604346,-0.34539097193245705,590
1193,0.2047589543581423,0.6794970480099704,-0.41695321931391627,0.49108375921660197,-0.2812749547407065,465
1194,0.30024940784889753,0.8501774836965362,-0.4257762643054265,0.7051811785203614,-0.2990244037939783,447
1195,0.6442757080532115,1.4127817787974997,-0.45010209390151457,1.4313990465331705,-0.2912107854772277,185
1196,0.11140787032985733,0.470614186965195,-0.674497289317187,0.16517170950032833,-0.33281451084756275,1088
1197,0.2198508941813515,0.6879701153614699,-0.5178047090343081,0.42458264736789963,-0.31981793580291773,882
1198,0.23734121098277883,0.7323463074775803,-0.5428990687270578,0.43717373017285827,-0.22292012831973218,608
1199,0.13113802126443241,0.5065407873246267,-0.5124521807466691,0.25590294312604467,-0.27204069217585347,753
1200,0.347848833349087,0.9358627770199683,-0.46650341542724905,0.7456512039263598,-0.3331810188754054,387
1201,0.6693244503776479,1.5222268032648867,-0.39054785374088485,1.7138090606989271,-0.3104068493027642,183
1202,0.21100439500960078,0.6829233895011714,-0.5532835174397781,0.38136757802940957,-0.27197056573414957,561
1203,0.35835772395495025,0.9230531714334131,-0.4520459510262297,0.7927462310886991,-0.3117071472756324,460
1204,0.3461464297454875,0.9384521354346566,-0.5138874643641946,0.6735841088744126,-0.30835366352669047,348
1205,0.30133805299529004,0.8755226776673316,-0.3757742148966795,0.80191253430772,-0.27187179193173894,397
1206,0.24858477583441974,0.7475995474182447,-0.5693594735376171,0.43660426740575864,-0.31256428175884543,645
1207,0.3471911254528419,0.9443241308242392,-0.39000695145809283,0.8902177875415341,-0.23143034893102488,324
1208,0.26393725749213637,0.8198689785294155,-0.4175761399175091,0.6320697766502569,-0.30688480809936636,327
1209,0.5948054107441223,1.3994065353405987,-0.31354166849764964,1.8970537906306417,-0.23001272650521276,292
1210,0.8035884665831434,1.6981603570344126,-0.49967179383390725,1.6082325968758988,-0.25621956506695187,181
1211,0.32301186696285944,0.9107218643387729,-0.4869158621206713,0.663383331888268,-0.2534372041714804,221
1212,0.24549079596838208,0.7174614770766445,-0.5179947050174017,0.47392529998957217,-0.33296399304839486,453
1213,0.48866296058965863,1.2203027468781003,-0.393411660411075,1.242116108300033,-0.26223247021836804,253
1214,0.4704233606884731,1.1728554631299928,-0.4266103384111163,1.102700329393178,-0.3327873551425402,353
1215,0.4720380431722906,1.180985932981734,-0.3751707104629849,1.2581953494977398,-0.30607160584338955,203
1216,0.5677696743488518,1.2745307796037608,-0.5329240723394404,1.0653856784071425,-0.2708351964807939,529
1217,0.5675074151883015,1.2954563411589746,-0.36905215957004833,1.5377431088588038,-0.30089592613206895,235
1218,0.8093776688768606,1.64603432569069,-0.3805457148748791,2.1268868292025798,-0.31506818945456727,155
1219,0.34340671840012327,0.9575964888981376,-0.3139696332100115,1.093757746216245,-0.26461631109820993,191
1220,0.1204032844899412,0.48851919771039154,-0.6480101515604207,0.1858046269800061,-0.25613187086194344,1178
1221,0.42378732658361895,1.0808380874559287,-0.4210375688617487,1.006530908225848,-0.3186065355961748,313
1222,-0.07062003598725619,0.04590637608905343,-0.5890305549821919,-0.11989197400700416,-0.3309705330015974,537
1223,0.2578954066991155,0.8029649077108849,-0.39341412726574465,0.6555316365772281,-0.2718768382415283,304
1224,0.14438854825795744,0.5329637849761507,-0.577676975600321,0.24994686365664665,-0.29302783948432554,871
1225,0.27969349685689404,0.841791880068794,-0.6243917919851553,0.4479455054456316,-0.24448818772320258,620
1226,0.23320000862499768,0.7092136860898082,-0.6336202780165401,0.3680437901308932,-0.27009996832721317,576
1227,0.23392007955056604,0.767447414928786,-0.3595860675410504,0.650525981582592,-0.26361362151522394,385
1228,-0.2133528417604612,-0.37247090130902033,-0.7980224770784123,-0.26735192038895106,-0.39344421205445645,1276
1229,-0.14035026987983257,-0.17201689873487647,-0.7900852682480298,-0.1776393960503168,-0.2851629873064008,1424
1230,0.8616073519481111,1.762887462092479,-0.43155053855236003,1.9965387016741547,-0.35106557346497635,184
1231,0.281554022720671,0.8328027973783655,-0.5610078143667252,0.5018718376293809,-0.333380822240002,299
1232,0.008297919299707024,0.21751380289064434,-0.6776905991127355,0.012244406681413392,-0.33558060494724984,946
1233,0.21308310219714066,0.6852748278711277,-0.40218641112699427,0.5298117895133398,-0.27187179193173927,252
1234,0.5090926549772339,1.2097837216326734,-0.36280372653934523,1.4032178220253864,-0.29212476058870274,205
1235,0.10161927862001963,0.4540459624646768,-0.661150749585939,0.15370061772396243,-0.30314953775602105,847
1236,0.7445609293889588,1.5977616918897541,-0.5013652132434556,1.485066992526685,-0.3651748072871156,286
1237,0.19773492461273046,0.6676513199660874,-0.5446544238303346,0.36304657772196286,-0.2135271778879425,874
1238,0.04740849155570315,0.32591752964573767,-0.5713610887243978,0.08297465909263405,-0.3008483537746155,641
1239,0.47496781027359103,1.1440737886967467,-0.563087229342732,0.8435066283211589,-0.3295112607125691,556
1240,0.05603397268696275,0.33746486790456137,-0.5439614744081123,0.10301092140382488,-0.2819378710628825,1116
1241,0.46436039590289524,1.1217037484093977,-0.6051152321831329,0.7673916821223905,-0.26171573789286673,693
1242,0.06337717987319103,0.35742621604429364,-0.5504769496305842,0.11513139635678184,-0.29891413877165596,517
1243,0.12250499274465154,0.4845162366123059,-0.5169688793031793,0.23696782852727158,-0.30318418760216936,612
1244,0.5379491188918653,1.219978361258972,-0.4894288091126515,1.0991366034769847,-0.22852359206084005,217
1245,0.8489552317873021,1.7884247685439383,-0.3411305078207505,2.488652326086859,-0.29651346261619715,210
1246,-0.04527133608024203,0.0927699754291806,-0.731125707148464,-0.06192004416970819,-0.27724443143506317,1338
1247,0.2747689782104821,0.8122439533093454,-0.625888655419994,0.4390061648043486,-0.3564756141410822,488
1248,0.30471361677050757,0.8438502509400557,-0.48458495018011805,0.6288136201036514,-0.32387354575127447,458
1249,0.8192020508021107,1.7375142178605554,-0.295248450707415,2.774619303977052,-0.23112264493850587,197
1250,0.07365295731001642,0.3745307449286748,-0.5137821915137091,0.14335443798279482,-0.2951078315774913,679
1251,0.427771335692523,1.1023337081426507,-0.4595565866703216,0.9308349572180089,-0.2725749328345224,296
1252,0.5872788300375997,1.348576007794533,-0.3829487323582079,1.5335703722561553,-0.23534981901594587,197
1253,0.2765182770790535,0.8056899261639661,-0.3638074528501296,0.7600676536798853,-0.24438689260103186,274
1254,0.5539042958593701,1.3062475546345864,-0.5170517800664354,1.0712743234114763,-0.38715933509366895,172
1255,0.2446350797029888,0.7503094409282263,-0.4327789985926872,0.5652655986045865,-0.29412341588560886,494
1256,0.04403224695727248,0.3005701389093672,-0.618382029780965,0.07120557331342406,-0.2918712851875396,958
1257,0.3535702920869306,0.9966948743896052,-0.36599118364781524,0.9660623203075924,-0.3326968834411185,390
1258,0.371096806570395,0.999850310836805,-0.27967642607363863,1.3268791073320045,-0.2345991177234641,263
1259,0.2863822417385089,0.8762501662652169,-0.43551628311575696,0.657569539512236,-0.27063903044225945,449
1260,0.434689114896875,1.1188041005661606,-0.42753326609561704,1.0167375251675914,-0.257700772322888,344
1261,0.05492988409965971,0.317329732124637,-0.5542980708843014,0.09909809718808353,-0.27271333211446336,666
1262,0.3616577254547275,0.9692597560035966,-0.5483589308569117,0.659527373593735,-0.3021624076868248,343
1263,0.20032073176334886,0.6605686613125485,-0.4085487465292448,0.49032271782777204,-0.3173839829979185,445
1264,0.34499890406196165,0.9580025281773612,-0.4663587605106567,0.7397714662509876,-0.31774088261095335,309
1265,0.31623333191784697,0.8831785510856944,-0.6114934219221262,0.5171491966729928,-0.35326902584295106,402
1266,0.12440543768583057,0.507315379736141,-0.7100423938871262,0.175208464673177,-0.2819322234185224,884
1267,0.32417878153762025,0.8911356733416533,-0.6633276838883444,0.4887158932329261,-0.3335293777969732,801
1268,0.32753060711859017,0.9214909014273728,-0.44544970306057174,0.7352807844930878,-0.22932914346408584,344
1269,0.6626808367596437,1.5547026799722141,-0.3918565463088758,1.69113121371027,-0.253502990488329,133
1270,0.24247536350365873,0.744086745310623,-0.5673353716723364,0.42739334723465816,-0.2806007768870086,989
1271,0.4064069112237896,1.1047740718121517,-0.37935233355179576,1.0713178100650853,-0.3083990335276021,205
1272,0.5444738405509304,1.2579581983699524,-0.4685460184432918,1.1620498715577672,-0.2476720419654712,447
1273,0.6260573218964633,1.4318200121415792,-0.3858339564481532,1.6226081490072022,-0.2532052369967096,214
1274,0.7083369453482324,1.61100420540702,-0.3330864086784062,2.1265861557027064,-0.2353351744338028,185
1275,0.2787503584137325,0.8134818840841809,-0.39880434151216937,0.6989652052351756,-0.2655080901250113,282
1276,0.04076342879687256,0.29637642008566173,-0.61946295041077,0.06580446622326978,-0.28319059533921354,911
1277,0.544712769419293,1.2964920068627082,-0.3434443782160632,1.5860290747767327,-0.2728727088665317,252
1278,0.08041951588053298,0.3671838707579393,-0.5941849180392191,0.13534425637377906,-0.305318156066511,1053
1279,0.5790162332741218,1.3180066595160316,-0.3415570585246559,1.6952254940218852,-0.22550911100878335,332
1280,0.4314350356329324,1.1316470715571458,-0.2872215501947609,1.5020984161542974,-0.25849362375048424,285
1281,0.6230877656637288,1.413707510231379,-0.5021970436882748,1.240723683053964,-0.28462031936012055,278
1282,0.8689887841169612,1.818426676198123,-0.35711879764762366,2.4333325208336136,-0.21946895674198375,168
1283,0.6786850850326369,1.4757568485056314,-0.46973102204718564,1.4448376904612046,-0.2726610586957974,376
1284,0.38168227731477944,1.0125577699853228,-0.39469500886678355,0.9670309194196166,-0.2886447937076668,239
1285,0.2842780922406736,0.8086145942861123,-0.5116281444110168,0.5556341951593238,-0.27246195918642224,379
1286,0.4876546019157373,1.1706978851340715,-0.5027984132286925,0.9698809484785165,-0.3137671416548411,438
1287,0.20854948875633994,0.6541463655606853,-0.450730069779807,0.4626926463065169,-0.27762889077788944,377
1288,0.06491107446503053,0.3554021266741125,-0.6707919746452149,0.09676781613161414,-0.285541125596364,930
1289,0.289336530509416,0.8059690263634177,-0.4827315536702257,0.5993735613708691,-0.2658794960142743,397
1290,0.6778013101446143,1.4767895198470076,-0.41600160329037994,1.6293237929457964,-0.35585725886785524,361
1291,0.11957396724414049,0.4859917463247573,-0.45189656553025903,0.2646047267560696,-0.27509377169584426,785
1292,0.2545600329322899,0.7567519489774959,-0.43903661792682824,0.579815037147348,-0.26360398810793184,518
1293,0.20664071136135287,0.6792976023670283,-0.39120106931710297,0.5282212334492684,-0.24265357648436958,342
1294,0.14090278391790712,0.5226478311712404,-0.46044293912075107,0.30601573386481096,-0.27758726886733975,523
1295,0.41980506545458507,1.134570792260211,-0.5350715588732815,0.7845774242581366,-0.26410117658641774,345
1296,0.6220460682812621,1.4733751787608926,-0.5575856377979062,1.1156063322181897,-0.3363737337676973,396
1297,0.3506354820622639,0.9833547412775264,-0.5332191245190301,0.6575823445540165,-0.28686109947528726,912
1298,0.12928492902601252,0.5039880220501018,-0.7301977760512988,0.17705467376954848,-0.29390622400262245,775
1299,0.47092811914717325,1.1575002654999518,-0.4746520049164141,0.992154492700612,-0.30717448485741206,410
1300,0.3598190248810966,1.011977452240174,-0.40294956758240885,0.8929629259560096,-0.2570015568488584,446
1301,0.36521473829588946,0.9641048552685885,-0.3699539571740942,0.987189706215321,-0.2132892341022884,571
1302,0.31593322783293254,0.9063016123700777,-0.3780166577722942,0.8357653593753563,-0.27706562040201876,382
1303,0.34440908519239466,0.9595167433327204,-0.46483426491808466,0.7409287808270505,-0.2552145263117451,626
1304,1.072289482269213,2.0269745355844604,-0.32146572994037903,3.335626110030722,-0.2514204493603336,199
1305,0.31024396801895104,0.8907550359479213,-0.48274504902144744,0.6426662865788759,-0.27247235272974557,930
1306,0.5317161239064976,1.2789773156849247,-0.39613361561819005,1.3422645868534104,-0.23644252793284082,348
1307,0.16373347509117298,0.5666818460702158,-0.5811865341782354,0.2817227610455269,-0.2985069064908349,642
1308,0.13441863641277108,0.5452071274264898,-0.5540077962062067,0.24262950329085126,-0.28103739524904503,650
1309,0.7142877875976381,1.535190475060569,-0.556766873773983,1.282920772128408,-0.42266375105036214,358
1310,0.9989702638393252,1.9290622458167124,-0.358826572500629,2.783991879078504,-0.25144790166115727,213
1311,0.02279829421059887,0.26396781374022976,-0.5506376218836639,0.0414034444878806,-0.2658353131088538,867
1312,0.4136969357761451,1.067057977368241,-0.35938004950570623,1.151140516411934,-0.27311505674378167,248
1313,0.24273806478267135,0.73891408103603,-0.4198418217916059,0.5781655189728994,-0.33871215053891246,270
1314,0.5125324667161848,1.2857748677907244,-0.5349433603798743,0.9581060438851412,-0.3138350178550283,520
1315,0.4811301257612479,1.1972310574153522,-0.4272274223157827,1.1261686414071599,-0.2657788442577478,321
1316,0.3270253362943807,0.9305319553577527,-0.44432068773353084,0.7360119511034453,-0.30208712790873526,247
1317,0.257494962600056,0.7996413629027734,-0.42130541592488513,0.6111836042619613,-0.25859772141500326,397
1318,0.35062390927171805,0.9270950781677678,-0.41901739686091366,0.8367764963899631,-0.30134459897475174,580
1319,0.33388824830290953,0.9080495188946393,-0.4907512056596737,0.6803615446121888,-0.3406695388701664,509
1320,0.4048171580926738,1.024837560273741,-0.4261929851640698,0.9498447233636026,-0.26656902528321436,225
1321,0.713454813554329,1.555713089092446,-0.39851831314396613,1.790268577435715,-0.31334655394442557,322
1322,0.696544339274672,1.518384010912627,-0.3682140342615572,1.8916832995558464,-0.29369641020493464,200
1323,0.22372684398971665,0.7266472194056948,-0.46096085875464965,0.48534889620378197,-0.3404228234835991,369
1324,0.24237803730373342,0.7483591772604202,-0.5663264564490833,0.4279828966908328,-0.3308596963684045,802
1325,0.05889504705201909,0.3333993370837827,-0.5822177310614931,0.10115639546848268,-0.3289154702918623,333
1326,0.7313120665824124,1.612483824023879,-0.44801423297871557,1.6323411462179058,-0.3268336854680295,261
1327,0.29057959396482724,0.84787227514904,-0.3575925271493854,0.812599738258615,-0.27302784207849917,388
1328,0.3926536967013421,1.0060620980145485,-0.4900051143872105,0.8013257110436206,-0.2673312095771623,388
1329,0.46109602488746293,1.181715461765768,-0.38496435170775223,1.1977629171168205,-0.2385536088506749,244
1330,0.488620450251287,1.2297600155158006,-0.3274277302239518,1.4923001479351907,-0.3135662537224939,209
1331,0.24733112078353559,0.7353166368586718,-0.4851432893968982,0.5098104543319628,-0.2514479016611574,341
1332,0.14739647279295887,0.5185336577449405,-0.5940168729544816,0.2481351616492779,-0.26787150960748607,433
1333,0.09771374576890879,0.4344733796944683,-0.7183765361248456,0.13602023570537006,-0.2952783435857971,1184
1334,0.34496994514571266,0.9091520299141068,-0.5335681767279536,0.6465339579680365,-0.2893751961907509,275
1335,0.21586687681524674,0.6869972058483392,-0.47350857209136443,0.455888001904208,-0.38057055703991916,452
1336,0.16416732461976946,0.5876686591897977,-0.6443625832050022,0.254774763306733,-0.3150753120742754,911
1337,0.4251884892656994,1.097278097366772,-0.4596338429161856,0.9250591439656733,-0.30203896899746485,282
1338,0.3091326108499608,0.8716896963447214,-0.5277361489517218,0.5857711499657773,-0.2995941530360482,556
1339,0.5511047139724239,1.269671712623024,-0.33404959709532245,1.6497691323817518,-0.2574507734032989,212
1340,0.37264522069117767,1.0131532386168869,-0.41384786340255186,0.9004401221922071,-0.24490705814396252,258
1341,0.30389097780665897,0.863374962987334,-0.5433266452868146,0.5593154328852014,-0.3422666343126939,926
1342,0.2054102926496999,0.6570274417030137,-0.6679205924267142,0.30753699613212326,-0.24098276092914506,529
1343,0.20113150385882217,0.6441712868144795,-0.5479120954339737,0.36708717609074865,-0.29552482191897056,269
1344,0.5020746555316113,1.2173128266195063,-0.5378678365186522,0.933453576219184,-0.2736532018591634,368
1345,0.09721778809233039,0.4298237065889325,-0.40175480102039574,0.24198289067215148,-0.320645077051553,382
1346,0.33050577618148314,0.9334642884203753,-0.4994285762058621,0.6617678521568021,-0.29577655082203747,649
1347,0.4624782128779492,1.1869287202839147,-0.46420603211052847,0.996277904393608,-0.25989861462286057,282
1348,0.03800418568963404,0.31532479180697853,-0.7429018933068239,0.051156399023926075,-0.2871211946197073,1254
1349,0.20129797184579323,0.6856201104268677,-0.5480428049453652,0.3673033748994493,-0.36518046609836885,595
1350,0.15820758957728853,0.5606210097893671,-0.4233097474820502,0.3737395382892691,-0.25831464472155996,344
1351,0.35238068207157114,0.9555674905188151,-0.4552498064197762,0.7740380711917281,-0.30330226557895734,462
1352,0.18756893229183325,0.6317460801744345,-0.4494583402652774,0.41732217535695765,-0.3055128313967904,325
1353,0.50970265464785,1.2940666662375464,-0.3429119565297266,1.4863951079631268,-0.3048634734997969,237
1354,0.4540687692954697,1.106454050351477,-0.48051577798514833,0.9449612064757298,-0.3053842983637216,355
1355,0.045405623430828435,0.3154039438196733,-0.6814779647776792,0.06662816081755668,-0.33788280692775796,835
1356,0.4053069849536184,1.0248908943750539,-0.37024988101807665,1.0946849836633172,-0.26322013812553724,455
1357,0.4202370144760317,1.0792244275853615,-0.5881097302743372,0.7145554525683541,-0.31092230894257267,544
1358,0.33572450409420607,0.9018969292372966,-0.7000572016093134,0.47956724582281574,-0.28461645055417273,733
1359,0.5313759922881596,1.2968134684716972,-0.3834960895954703,1.385609936332545,-0.24365639356633928,466
1360,0.1956246639708097,0.6654552049130747,-0.43527896498254637,0.4494236563410634,-0.301704849957124,347
1361,0.41715369087824294,1.0690919878188057,-0.5643639152765778,0.7391572699572907,-0.35136606019762895,277
1362,0.25271142724176876,0.7863186024871484,-0.41896427297791017,0.6031813296287747,-0.28584180646013424,198
1363,0.8078166704566794,1.7264140406277668,-0.35960548112860713,2.2463969901720624,-0.22373007493587582,259
1364,0.3713577195906903,1.066982390867273,-0.3175059895593423,1.1696085485067143,-0.2269440702693244,405
1365,0.16109256607833378,0.5721347733998998,-0.6608220165641656,0.24377602749361746,-0.3590423260208482,833
1366,0.28362184352992514,0.8090309404419694,-0.4551428661137408,0.6231490475763003,-0.2977773369682042,596
1367,0.35192522321124753,0.9765263815814126,-0.4323111653844448,0.8140553642612681,-0.2919295236527385,305
1368,0.17091885664354267,0.6082095819300445,-0.5373602762495429,0.3180712534920804,-0.33956698916857475,214
1369,-0.07072773683467615,0.02816628965153416,-0.8218450078473019,-0.08605970244917191,-0.3543723052786363,1432
1370,0.05017004152876958,0.344087119937751,-0.7368306317732101,0.06808897372796993,-0.287325635335152,1062
1371,0.3211672690326812,0.9045128631342895,-0.4133083484264183,0.777064557866919,-0.2561603484513122,409
1372,0.18688412187617853,0.6270703531168885,-0.4810376354792476,0.38850207986323115,-0.285873981277046,608
1373,0.3323344911387962,0.9213950905785968,-0.52924222358482,0.6279440232257546,-0.3020389689974651,363
1374,0.2726569213869017,0.7979888555102295,-0.5278908178586358,0.5165024890808323,-0.3599303413934878,421
1375,0.8487269003331441,1.7895385757827975,-0.3547873549045081,2.3922129371312604,-0.3264535958606486,267
1376,0.258340365881667,0.7643653380808436,-0.45437818228769133,0.5685580337087967,-0.26969682295049424,651
1377,0.43868738303892885,1.1443479903821299,-0.4288457197961725,1.0229491931210928,-0.20418304840462032,349
1378,0.5050374759372562,1.1715831599544042,-0.4645884077766964,1.0870643078550544,-0.3063670517511389,195
1379,0.5064506067360626,1.2710822820679593,-0.3520665739406187,1.4385080670040635,-0.2120119968586156,251
1380,0.3843689772245451,1.0261628219798018,-0.5310841956623104,0.7237439569166655,-0.25341784259893385,463
1381,0.12950980478524698,0.5054630258963455,-0.6678301160741497,0.1939262720683705,-0.2768233373503034,728
1382,0.6677750157273661,1.4766791105247077,-0.5100378526227335,1.3092656011578578,-0.3007776623105578,322
1383,0.5236149379666597,1.2828926368375233,-0.3131450029244438,1.6721165373122637,-0.26539147927743467,206
1384,0.16701037242264816,0.5800097058087406,-0.6611563523393029,0.25260344520888617,-0.3339955882530399,535
1385,0.3688049781266989,1.0045068068016263,-0.3586995179373359,1.0281724944808217,-0.29589466818992316,466
1386,0.2997864873868805,0.8925204980655662,-0.4687311437059525,0.6395702342640679,-0.29994300087211145,718
1387,0.6096480993718998,1.3640077447780556,-0.3853690349695894,1.58198517278382,-0.28234729837965833,155
1388,0.4211721586964938,1.0818003326827839,-0.4643191683878458,0.9070746748596188,-0.2913141920061476,281
1389,0.4744502377884008,1.1310248946931796,-0.40823671652654725,1.1621939394016945,-0.3329880541157346,179
1390,0.22133810170744406,0.7280232691149676,-0.5895102567242108,0.3754609850851029,-0.27450700090041014,570
1391,0.4742383677169868,1.180011287180358,-0.5402700257340338,0.8777802675109847,-0.3320084091543458,406
1392,0.08934465814274306,0.4198610087268659,-0.7550215757838308,0.1183339139017177,-0.23714983077923868,837
1393,0.41417825107881945,1.10628394396647,-0.3566892411215449,1.161173938906906,-0.26380262586485026,192
1394,0.3482785112423272,0.9583506479739119,-0.33591321277913333,1.0368109916275434,-0.19623870105948704,333
1395,0.4974443907114765,1.2316898565256087,-0.4392654394416181,1.1324460019978213,-0.2622956504230419,199
1396,0.17761478764995298,0.6226989397578427,-0.35226423342859325,0.5042089738183905,-0.2846413665571105,351
1397,0.4294234566552293,1.0752498188616055,-0.3569643232999573,1.2029870455552067,-0.32140672167155915,240
1398,0.6012863376659063,1.4340303404137893,-0.3788716850171857,1.5870448002432058,-0.2760022492321812,224
1399,0.16550794948113445,0.5806164534024614,-0.44761811687503505,0.3697525708668771,-0.3074137885786431,275
1400,0.30769252591405816,0.8827544541808666,-0.4225773966540044,0.7281329487814251,-0.2530359487055589,393
1401,0.3125910759108159,0.8650546278504084,-0.5011038787837188,0.6238049417408984,-0.2888897001771731,688
1402,0.23871868535780072,0.7323626155809173,-0.48027499581884014,0.49704583298324667,-0.32480071019825596,476
1403,0.21270147009234375,0.7146694019317938,-0.7087978629490179,0.30008762894315166,-0.3391059844344363,981
1404,0.5045236171578851,1.2167861614534412,-0.40015332137919524,1.260825764032047,-0.2675383607244234,291
1405,0.6002604564519534,1.395527868607234,-0.4215402038085698,1.423969649937694,-0.23243516172948175,277
1406,0.45831589316820076,1.1484927801838387,-0.3999606298159404,1.1459025189032108,-0.24307081212625714,162
1407,0.32857936592948733,0.9203675108177366,-0.37846266059653355,0.8681949374122666,-0.32327398731394963,337
1408,0.5356644550558838,1.285434050089663,-0.317985915417061,1.684554029235295,-0.26241628659886995,294
1409,0.4602150957793285,1.2032112236926575,-0.3643719045259408,1.2630367217200313,-0.3295406983800069,390
1410,0.0281739736420088,0.2745261230894722,-0.5521218323026915,0.05102854477698482,-0.3283408835346596,637
1411,0.49166652396351185,1.1663081496135534,-0.46484545896321783,1.0576988856901286,-0.2994954770336776,285
1412,0.10641728888043622,0.46459963855558856,-0.6006616294959692,0.17716678351792461,-0.3377271072057495,782
1413,0.11325741316289495,0.47945702764378034,-0.5997523862796561,0.18884028768179775,-0.30534168419968477,625
1414,0.22191876219827722,0.6933936944074253,-0.49078702405974783,0.45216917179795096,-0.3763993350866375,569
1415,0.08338371044880555,0.4026912798522032,-0.5177047655843358,0.16106421263997825,-0.2994418637741666,496
1416,-0.016330902387205914,0.15226363840004967,-0.5117399202835329,-0.031912504262238656,-0.30743475996355896,1292
1417,0.7301275783058927,1.562468528018786,-0.3369992133946128,2.166555734511291,-0.26525731130578156,347
1418,0.08910119048861032,0.42621668527887446,-0.6386943524491342,0.13950521113415726,-0.3513372891171488,1022
1419,-0.10292870988467329,-0.05576061827131225,-0.7366796848379806,-0.13971976152336898,-0.26603773893226723,1020
1420,0.1840926549200519,0.6333398099224985,-0.4365270985232159,0.4217210238329826,-0.22464756690304155,629
1421,0.2870980486612811,0.8251600551651566,-0.6470205086175731,0.44372325890364134,-0.2883950117244649,795
1422,0.7364795482946285,1.5923918660472471,-0.33619136904099567,2.1906557280024077,-0.30632573904576177,151
1423,0.575711260945508,1.3360214943376998,-0.39327805780330416,1.4638784176295103,-0.26148539915420954,179
1424,0.29720258180331816,0.8628306254713053,-0.5304909452463076,0.5602406308091209,-0.3977860827044828,640
1425,0.436569009543037,1.1035219076045486,-0.5283720595193104,0.8262530193973697,-0.2652714304822188,371
1426,0.13881234161032308,0.5296343058795473,-0.4677237051447457,0.29678278026846006,-0.2782795468547602,849
1427,0.3662437495411468,0.9616959984569717,-0.5073809137853804,0.7218319404424149,-0.3006263915478018,419
1428,0.42970557576272594,1.1036092931872705,-0.5102681361140033,0.8421172033887724,-0.27422212961508186,312
1429,0.37160170225489164,1.0186528628347116,-0.5137776998609269,0.7232733190939963,-0.310076360203588,304
1430,0.25946787533979765,0.7749371867793698,-0.6010643854445774,0.43168066786702425,-0.2231963618785855,431
1431,0.4231257873618899,1.094520085539313,-0.42751939935762007,0.9897230113947298,-0.3020389689974653,355
1432,-0.028688632887317822,0.13245643557793457,-0.7748875911461872,-0.03702296076890659,-0.38127960535987504,1446
1433,-0.0312541871212747,0.1338961527156521,-0.5884628015601412,-0.05311157653196284,-0.29894501710045496,728
1434,0.1967604412645041,0.6403140362899898,-0.6097002923900001,0.3227166588574384,-0.2990067218831214,480
1435,0.1646973066357753,0.5753018283402743,-0.46175026448047374,0.3566804814309748,-0.2622611824192793,446
1436,0.23421431689189576,0.7261511705284543,-0.6833594806194156,0.34273954417021846,-0.2781395986197823,799
1437,0.12497560273044628,0.5046416942203028,-0.5090642522420532,0.24550064590082837,-0.2665679615535239,612
1438,0.007543698114525599,0.21784870700035291,-0.5262635919654106,0.014334448040291981,-0.37076475665951514,538
1439,0.08236221369803087,0.41898757356930016,-0.5592496282411503,0.14727271962086314,-0.3280162949633444,310
1440,0.5148791917375337,1.2277728224006408,-0.4259505994195001,1.2087767746758158,-0.2971123597338956,478
1441,0.09762959475473343,0.43608674308317547,-0.5538279396739345,0.17628145451132843,-0.32036857720164313,705
1442,-0.11825685309348966,-0.13900381617490407,-0.7884775167925362,-0.14998126208411006,-0.339669642846684,1423
1443,0.47684779142043454,1.1918837290774051,-0.4112041516628998,1.1596375899709996,-0.30203896899746463,413
1444,0.016306764424261377,0.23678431864522748,-0.7264621866359398,0.0224468179132266,-0.3195063973539568,1296
1445,0.501842658592343,1.2593157219222544,-0.5090430293077911,0.9858550843427926,-0.3161490078999668,262
1446,0.5262688080933946,1.2147829645952324,-0.5712710774785497,0.9212243168623484,-0.3136951110985733,354
1447,-0.0015230890477010428,0.1893867384263369,-0.7374198452954601,-0.0020654299683117295,-0.33687020335499906,645
1448,0.21168062202742366,0.6680311358303561,-0.5196474516051912,0.4073542964052688,-0.31070968786710185,305
1449,0.20763141565892695,0.697776448036603,-0.5778825382328101,0.35929691922146123,-0.2781944390408203,342
1450,0.06170214952381192,0.32907588272151717,-0.6025426490987935,0.10240295789202329,-0.28561851150497386,1130
1451,0.5777099971003459,1.3894744983662208,-0.31153820021904977,1.854379323929279,-0.26639847861610866,321
1452,0.9344655503927703,1.9844198413626017,-0.4941617220098802,1.8910116036346636,-0.22293843617252151,363
1453,0.36138755572990156,0.9603863583610249,-0.4646299019357395,0.7777965951487193,-0.2718717919317388,501
1454,0.8042106126631234,1.7426997982943344,-0.34900107982707373,2.304321273337037,-0.25735077644843996,179
1455,0.3521040346247022,0.9855227485079946,-0.5022357834315377,0.7010731736773974,-0.26743212807452243,378
1456,0.5357409951928753,1.289581560458835,-0.47384697225825334,1.1306202773432281,-0.29343579900874506,610
1457,0.2950045067110907,0.8897018347110142,-0.3866196476894195,0.7630354754967721,-0.255915780707643,480
1458,-0.037295378849381056,0.12170602738359598,-0.6464920024966354,-0.05768884797546302,-0.3196763430190205,977
1459,0.2558130135106631,0.7804162362871147,-0.5465303720834139,0.46806733271837225,-0.2905521352318037,253
1460,-0.13626780943079453,-0.1393039270655916,-0.6666520326642806,-0.204406201067443,-0.2841791061378137,1259
1461,0.3458831631447872,0.9287705398512405,-0.45611841724434476,0.7583187831669949,-0.28176271593814295,271
1462,0.11741404827708002,0.49738221114052594,-0.7244525368775502,0.16207279607735822,-0.35930028632434785,816
1463,0.3509853541026351,0.9676599216952213,-0.4303747589502648,0.815534244988554,-0.2002901604777484,493
1464,0.49277067975620814,1.2160864297355165,-0.47688825970459936,1.033304279835798,-0.3165691032487823,243
1465,0.415938790823547,1.0311650826399266,-0.47223249703594206,0.8807923923793188,-0.2913767853348792,336
1466,0.14595505411454357,0.5418013969217554,-0.5452476721605963,0.2676857904522226,-0.3249135222510148,745
1467,0.3173629094504218,0.9077121417764574,-0.5154837145210944,0.6156603991752969,-0.2603558733246537,245
1468,0.3217826387851659,0.907103880971693,-0.6787427461687532,0.47408630236051513,-0.29630580535456175,899
1469,0.1527271751470185,0.537339743916984,-0.5575590340409133,0.27392108426640877,-0.31990779177745543,472
1470,0.4266953003493048,1.0782562892297205,-0.5198290005932684,0.8208378137085997,-0.3298882394571291,310
1471,0.335922985655551,0.9174196885260804,-0.4633274706306343,0.7250228120476577,-0.23358246515011738,505
1472,0.6276016929251811,1.4234852558212636,-0.3071959058999495,2.0430014882085845,-0.21954349509095583,144
1473,0.47477149356824055,1.2352317488453992,-0.4953552023221688,0.9584465679225046,-0.3318317077485762,373
1474,0.2562151508879209,0.7356332345738064,-0.501313762895268,0.5110874064342178,-0.3282780248238185,627
1475,0.1818529039586536,0.619727219041541,-0.4507621970611919,0.40343423903838743,-0.2938573700623759,723
1476,0.4433612956721138,1.0975896608690332,-0.4533279989142166,0.9780143664940739,-0.22417726705345487,255
1477,0.2900767709805079,0.8288595158035884,-0.45730926476501865,0.634312036362437,-0.3442500541334389,212
1478,0.7059551072143695,1.5208238248101844,-0.342405372250566,2.0617524268800445,-0.24504037400853018,346
1479,0.6275759529322402,1.4207952695616062,-0.4307670805720496,1.4568800199375322,-0.25507423251397265,520
1480,0.22449341349401708,0.69869598679412,-0.5086820487641045,0.4413236402571056,-0.2870289568555575,864
1481,0.5628672242880179,1.3156304608170044,-0.31150255722070386,1.806942547470706,-0.24282422405103765,174
1482,0.59035816411999,1.4924176491340386,-0.3095579635596869,1.9071005550343758,-0.21828679223601377,152
1483,0.30295536704127257,0.8525549873089797,-0.5462546294011705,0.5546046673753341,-0.2985719698943641,412
1484,0.298974293704237,0.8516715779693318,-0.3942150442653908,0.7584040691835281,-0.31717139560669405,302
1485,0.4456508044722607,1.107104576151228,-0.4330377835268109,1.0291268370226843,-0.3444161048728368,239
1486,0.31861007491188964,0.9076350402349241,-0.48141872902998084,0.6618148727903934,-0.31273618268547543,284
1487,0.7211593618522976,1.5209596578117406,-0.2651206765141504,2.720117387048863,-0.23013230213819946,131
1488,-0.017891706757768966,0.17614273589990445,-0.6370508899398399,-0.028085208011338895,-0.28509525484919584,1426
1489,0.37170896374630114,1.0041199716049931,-0.3479671630783985,1.0682300032504892,-0.2540171994821242,307
1490,0.28638512977815656,0.8074276815565167,-0.6656378671565626,0.4302416432549454,-0.32103711438421745,529
1491,0.7549660996442336,1.6294429109098494,-0.3905003119720094,1.9333303367459247,-0.28819075957062934,211
1492,0.1227087168539478,0.5095133810578333,-0.38562067704721326,0.31821093669965217,-0.25447264824021587,570
1493,0.5667921599695116,1.3456908353448946,-0.42094725512464326,1.3464683593237432,-0.31349430308055337,314
1494,0.17111690684541347,0.587231710908217,-0.6464780485249277,0.2646909778852535,-0.3046664427820287,564
1495,0.07192278815295317,0.3773939579728285,-0.4682173807679677,0.1536098212223258,-0.27560617005527965,717
1496,0.240017196715113,0.7596658122387329,-0.5093443628480974,0.47122774732012446,-0.26800423760489656,672
1497,0.3866601550062443,1.0632138690331505,-0.4445330306374371,0.8698119787674582,-0.25820712685077885,636
1498,0.520943412005987,1.2410216891733272,-0.5164257864133399,1.00874786990019,-0.25007158518043315,425
1499,0.5376198654159383,1.26178299855459,-0.3623603445811703,1.4836608736459271,-0.23309876966820364,468
1500,0.1529881752317892,0.5969418398616495,-0.6533660599819022,0.23415384514467566,-0.3001762442269629,375
1501,0.33234864978841516,0.9599558834984855,-0.26583273117763406,1.2502171885159394,-0.18646102764638606,256
1502,-0.01852190676538812,0.16829607690123838,-0.8547557697229955,-0.021669238654441134,-0.3545073050996643,1086
1503,-0.0410121393098174,0.09908559245947761,-0.5563269728827374,-0.07371948747568983,-0.27241542511586814,1157
1504,0.12388630392777755,0.4976773457824905,-0.5360628583417346,0.23110406177180307,-0.32089697475299617,477
1505,0.3127967027542451,0.8797240604384466,-0.46402777542598916,0.6740904732849017,-0.31949907507257946,365
1506,0.14130364829554654,0.5439168140612183,-0.4691329032242475,0.30120174331068567,-0.3540598274522091,586
1507,0.3330108182706246,0.9348092629453572,-0.4595129266581789,0.7247039178907446,-0.2794853813068947,375
1508,-0.06251622865208217,0.04097046660688207,-0.5941554755780689,-0.10521863589872424,-0.3073218212894915,1343
1509,0.4882498345605031,1.1957998984749405,-0.49087169475142367,0.9946587668041273,-0.32477991100298953,423
1510,0.6103898184257635,1.3839774016546005,-0.3846635938352534,1.586814630258942,-0.3824212004428059,186
1511,0.38371903824459475,0.9728432149459396,-0.4648010419615507,0.8255554605153763,-0.3005483822382672,413
1512,0.8247429009970759,1.736400298304274,-0.35143340429723,2.3467971197738997,-0.2619377460367128,245
1513,0.5152740229311745,1.2331709737271956,-0.3023288430581026,1.7043495344972672,-0.2612440818777174,317
1514,-0.026407129330227264,0.1408530854771684,-0.6970832916098828,-0.03788231571185873,-0.2933424171366532,1152
1515,0.6245372079974336,1.4018731701540956,-0.5740426852173,1.0879630105573408,-0.3136827185075728,453
1516,0.14812510822802416,0.536777592859599,-0.5305487724442584,0.27919225511653933,-0.3077122606151157,446
1517,0.051271699212312116,0.32231465237168117,-0.6328240234530014,0.08102046905954727,-0.3026803182414082,730
1518,0.5820862153634969,1.2859468555963414,-0.5069745190615782,1.1481567484712096,-0.3202196806556079,527
1519,0.4095917892915457,1.1358367672525043,-0.3605920357955018,1.1358869543192922,-0.22001202829691036,195
1520,0.039870189303691905,0.30139026850464357,-0.569961230449544,0.06995245847203536,-0.33537086578874353,1162
1521,0.26017088690351753,0.7604655435436657,-0.498593384367232,0.5218097452971664,-0.3606934937105093,434
1522,0.7368762589129907,1.6169509505942183,-0.353058219457574,2.0871239311326644,-0.2748003746155955,156
1523,0.2700688940607341,0.8113572350138232,-0.5550145213026019,0.4865978883343282,-0.31162885596703926,877
1524,-0.14324500139239593,-0.15883633462250255,-0.8742554960780204,-0.16384798498265596,-0.2969723834352187,945
1525,0.5742157419719116,1.2849925679237575,-0.3285428476706532,1.747765157704886,-0.29692327652265205,197
1526,0.5765848777742513,1.3513173245291616,-0.3611056961511816,1.5967205278668783,-0.31822788260414914,256
1527,0.561032251080595,1.318982783877499,-0.3273209773005127,1.714012513672512,-0.23974783626419838,191
1528,0.37999381836341195,1.0177156542596564,-0.5050123246558043,0.752444643053811,-0.28658409230629733,379
1529,0.32212672334880676,0.9216720546680093,-0.3792038563855249,0.8494816651371563,-0.2665822822792453,305
1530,0.5384818596031349,1.3761361427650958,-0.5873198173967117,0.9168460584046857,-0.29330563970095724,485
1531,0.11846838868998688,0.4791423709354359,-0.44408561442740824,0.2667692553894968,-0.3068104034215422,705
1532,0.1658158346571963,0.5981302575760593,-0.5784982320260739,0.28663153226321825,-0.3220970557457623,690
1533,0.6013964083355441,1.3870833060496264,-0.33277219855388795,1.8072315263985494,-0.2991558213242277,120
1534,0.33357380148187254,0.8923620451852793,-0.41108287540648414,0.8114514649923824,-0.2348904842718711,345
1535,0.37101765939952336,1.0377319599230346,-0.37542026515118165,0.9882728606835186,-0.2402339895740867,728
1536,0.5920535707210193,1.430171841575099,-0.44881698790387736,1.3191425161647818,-0.22802448095788863,473
1537,0.3450885636475889,0.9253607665251383,-0.5082449009159622,0.6789808673449907,-0.36341955391647673,334
1538,0.32565428649998207,0.8876316287712124,-0.5661097694911061,0.5752493669076281,-0.30203896899746485,768
1539,0.2274323069007711,0.7436833625067032,-0.3988107484924971,0.5702762720424769,-0.2928005694105842,340
1540,0.21765668996450893,0.6790947447906357,-0.6340896498262159,0.3432585439995146,-0.3277314305896548,581
1541,0.10042580835877035,0.4401193291253125,-0.7304942409270903,0.13747652306104044,-0.3103400698773807,784
1542,0.3954334921226599,1.0761494555983528,-0.4955410898584456,0.79798325550686,-0.21794532175351555,576
1543,0.3603968098121135,0.9373358604504018,-0.4038816091808639,0.8923328064950903,-0.31583276561283846,219
1544,0.3256210985903645,0.8768526386788811,-0.43374313667171216,0.750723345362852,-0.2809725076558649,327
1545,0.2960779228114281,0.8354438485547758,-0.48470372698458175,0.6108430910019518,-0.2809270463345257,238
1546,0.20478871942431098,0.7165431598251506,-0.4889783184872065,0.41880940663766675,-0.2531161530892848,498
1547,0.4303044174585977,1.1576803505606497,-0.2724646268914708,1.5793037884143337,-0.19782049968142612,161
1548,-0.0377048135033583,0.09809835052764639,-0.5628470913119518,-0.06698944364351495,-0.40530195529747204,445
1549,0.4378298031343286,1.0952922601500281,-0.5059464478351012,0.8653678763983075,-0.24193963862605183,463
1550,0.5226152332211356,1.2454931951426425,-0.3750671209017711,1.393391220122456,-0.24760721600798052,396
1551,0.21052030409711242,0.676342293785549,-0.6971984139930871,0.3019517828381058,-0.35788470797177274,377
1552,0.45432082409759644,1.1540489750006253,-0.45487506470127703,0.9987815542185312,-0.2463937470446228,419
1553,0.06666329106459568,0.3699087770246404,-0.6598115978397525,0.10103382735746651,-0.2805473966129495,388
1554,0.40294328240892585,1.11471970402358,-0.4770826727891412,0.8445984425576002,-0.29190077829652916,566
1555,0.9279807469016532,1.8399030808898524,-0.40939984842549826,2.2666856142486465,-0.25710324584485666,306
1556,0.3638951892619162,0.9740488146515563,-0.5400836602614598,0.6737755944805865,-0.29833406792128425,323
1557,0.6461567406483373,1.4471481068666,-0.2946944571068729,2.1926328272065336,-0.2746808935624936,218
1558,0.3314914834106286,0.896141444617465,-0.5746424537558141,0.5768656340025498,-0.3483518159737088,483
1559,0.41339102652747783,1.0806763949892502,-0.4261914895877177,0.9699654653530915,-0.2464731979797642,301
1560,0.12631020721797892,0.5146242315600155,-0.6250914847410982,0.20206675390930076,-0.3760253488919141,564
1561,0.2923413387037044,0.8594399824662821,-0.49726422380852053,0.5878993997691558,-0.28270666821144097,481
1562,0.6632716811741368,1.470725792799089,-0.4241255388500167,1.5638569725665337,-0.2541482624371395,350
1563,0.13903967534461859,0.5255679396249073,-0.3749600130212365,0.3708120079906863,-0.30765388694539775,375
1564,0.28285839203440233,0.8006151961651122,-0.5782442805230579,0.4891676434370252,-0.33513047855447853,607
1565,0.32177026242676576,0.8688903828267267,-0.4372094666089229,0.735963621562166,-0.22169353248354096,398
1566,0.7495630654012708,1.6504831222540317,-0.5457303216841303,1.3735045234212206,-0.30203896899746485,311
1567,0.30301632270807466,0.8411280097068694,-0.4337679646689596,0.698567776759007,-0.31538257560267746,283
1568,0.42013895289455605,1.07296767051067,-0.504080341203559,0.8334761714599269,-0.26646360108459055,304
1569,0.5357933003090283,1.2722447732952344,-0.5123327862207856,1.0457915533013196,-0.2790052878900433,242
1570,0.2579649355559095,0.7796350891079307,-0.6624161618530492,0.38943031648605303,-0.34025174382143597,737
1571,0.3439619205067177,0.9505398902677052,-0.45936636795693775,0.7487747133872927,-0.29642591042351774,393
1572,0.14912487484888737,0.5595468719514182,-0.5581092534876977,0.2671965639648268,-0.29008108012561074,399
1573,0.22774906361666258,0.7198183353972568,-0.4919789319193374,0.462924423873507,-0.35010539258849604,591
1574,0.5574935674003658,1.272751275128422,-0.4207548587677046,1.3249842652634787,-0.301033716785595,364
1575,0.2166619501567668,0.6985721847261549,-0.5751606399714165,0.37669815195896256,-0.26153539352872657,649
1576,0.2153026584002633,0.683981053590626,-0.5191706207454548,0.4147050117957743,-0.30683033563526874,481
1577,0.15853061135343505,0.5784197814608895,-0.6964029592064891,0.2276420702377134,-0.3420228694350417,765
1578,0.25401203797733585,0.7839933717314467,-0.49370233713079925,0.5145044268041191,-0.4133886715975119,472
1579,-0.009056052348689336,0.18293360209626275,-0.5643630619227842,-0.016046500842623147,-0.3638134986326168,581
1580,0.5806492668690402,1.414415011727274,-0.6168237866327206,0.9413535590753408,-0.27218940273485415,512
1581,0.2644761913310043,0.7737546634156189,-0.4697290060310232,0.5630399399127952,-0.34526049159876593,299
1582,0.27909639514705376,0.821938334510569,-0.48322446804883845,0.5775709087621078,-0.2973664972503617,466
1583,0.5707960987260392,1.3368225708228179,-0.28181009692119097,2.025463618805908,-0.1971223611237578,134
1584,0.32779838234969305,0.8768231497486123,-0.49547645968244014,0.6615821517732345,-0.31075101446088393,430
1585,0.5121062261302585,1.2512285098103595,-0.3847163584027703,1.3311267247807543,-0.2562015376031648,389
1586,0.3979162867610926,1.0012727465322637,-0.4324549159440575,0.9201335725191921,-0.28472518670322977,370
1587,0.3741553710300456,1.0054070892474534,-0.4245911791084964,0.8812132456817646,-0.2944255091452249,278
1588,0.32360630179849603,0.9357021581542108,-0.5122962038548633,0.631678117783156,-0.25778240245090267,369
1589,0.3531739535483567,0.9350810946171021,-0.396226504363683,0.8913435867081475,-0.3190713453486206,212
1590,0.3391165361396222,0.9310689421774025,-0.5152612052558454,0.6581449033626331,-0.2451654605162532,321
1591,0.544262772000492,1.2194292824005646,-0.47088550478280966,1.1558282564920463,-0.2925463838734276,634
1592,0.20389548767750765,0.6644431780373722,-0.5511026471110121,0.36997733316355436,-0.33507112293303554,416
1593,0.35668960204942457,0.9272118161570869,-0.4525212147892741,0.7882273590543694,-0.3007126732388643,255
1594,0.7698623082339877,1.5982751908445771,-0.5127028647845865,1.5015759831134305,-0.3130750545301195,219
1595,0.30773675339980144,0.8463604203752555,-0.5670523445562812,0.542695496022692,-0.2815185243341649,357
1596,0.19408326215613347,0.6540853359383016,-0.4138816735714189,0.4689341774458702,-0.30027595624523085,458
1597,0.1493717256606173,0.5314898980908828,-0.6626549684013462,0.22541402808912198,-0.33711525534790376,332
1598,0.5141333616167423,1.2959288590766775,-0.4697042305208846,1.0945895910849843,-0.27383329356628405,317
1599,0.27759938432981857,0.794915702351282,-0.41329374846275646,0.6716757399848117,-0.2925794775493272,285
1600,0.3769368321836537,1.001771024821657,-0.5158815921575168,0.7306654044530466,-0.33867358220421584,256
1601,0.5687678726732845,1.3432905348540842,-0.5578151176778043,1.0196350988855891,-0.34926514349519355,456
1602,0.0418107212130967,0.3173847489939251,-0.7698541515595405,0.05430992497526729,-0.2766534690706832,871
1603,0.5253412796605492,1.2320962494032144,-0.585765939188104,0.8968450442657934,-0.2311455975445339,645
1604,0.051941070138255885,0.32227818766341276,-0.6035427895840169,0.08606029437292345,-0.33033333453902647,832
1605,0.5071668798227806,1.2266016563273605,-0.41612878566659395,1.2187738442808116,-0.30352377748923887,197
1606,0.4571179246268191,1.1415994909076475,-0.5877988514173784,0.7776774716802455,-0.24918860672274912,523
1607,0.30804269731850353,0.8334311562656008,-0.40899822089173465,0.7531639053267303,-0.22610273708054218,553
1608,0.6406584813889329,1.447767752447984,-0.36601619032064003,1.7503555807946605,-0.3047598626603316,277
1609,0.15756147850122248,0.5479420644974622,-0.49348765073054124,0.3192815023192053,-0.2767659416831726,373
1610,0.32904696793450094,0.9077298152171962,-0.5877477968806368,0.5598438134193903,-0.3267847519422171,159
1611,0.2880208907472641,0.8316952755045194,-0.4314967270735586,0.6674926428773683,-0.2724805675027234,559
1612,0.6424689503610648,1.4853936074781007,-0.28318052035276864,2.2687611053214995,-0.2113123408715748,134
1613,0.17068749405903305,0.5830717128260926,-0.4043940370915263,0.4220821238776115,-0.30686533176714237,227
1614,0.7651694049007762,1.5909762661202296,-0.3889672054419021,1.9671823079055577,-0.2977334612569542,184
1615,-0.011525340658372407,0.1907627508519452,-0.5913322851602336,-0.01949046407173486,-0.3544550193608482,612
1616,0.4696949761794993,1.1539757016624925,-0.5113403418554096,0.9185564637345077,-0.2572481093690431,411
1617,0.4174290855005385,1.1471832860663755,-0.3521027268742548,1.1855321008337816,-0.28633997803442124,310
1618,0.17210505136071763,0.5964647125473949,-0.6750439559045911,0.25495384390204434,-0.31382762280018506,914
1619,0.3739973140787167,0.9902228095050396,-0.43357997924371405,0.8625797591740137,-0.2786317450274802,504
1620,0.4461941394061055,1.1174500585067124,-0.417568329010476,1.0685535956796937,-0.26583139806128664,350
1621,0.4356996059374645,1.1514370750128178,-0.41089739422457705,1.0603610829893257,-0.24527890822263387,507
1622,0.44881015018462467,1.139841851958502,-0.615706398303637,0.7289353357723154,-0.30335949169861964,536
1623,0.5033916685284552,1.2455554567768559,-0.4285148452419657,1.1747356576274726,-0.23589144413258967,349
1624,0.4067676192323193,1.0819220607275861,-0.5640424716790267,0.721164876151018,-0.3819212180590379,552
1625,0.2180193325854325,0.6709153213272295,-0.7616560167592601,0.28624382633130674,-0.29838262200155996,725
1626,0.2306214337269128,0.6893733956980844,-0.6546130507772614,0.3523019185961571,-0.2722670139771678,1229
1627,0.17987769125510455,0.6167627134321325,-0.5031424797033072,0.35750845637437484,-0.2773267100797473,384
1628,0.033449588536115016,0.2842743602360045,-0.6389136449986075,0.052353849065452214,-0.3027982277557306,929
1629,-0.012594075417951545,0.16584774331325294,-0.4841023554626034,-0.026015315306443347,-0.36161337359647927,593
1630,0.599715429481283,1.3120016066773412,-0.4876108220483274,1.2299059052094723,-0.25575353052327554,349
1631,0.3117034420183342,0.8369714061063869,-0.5144155915118498,0.6059370033910685,-0.3234988839155668,467
1632,0.5961305680716349,1.3769423670635061,-0.4151273968277319,1.4360183708111538,-0.2540666225949274,407
1633,0.6272107770421265,1.403123757825824,-0.26172422576070775,2.3964567101846352,-0.23657656308016328,202
1634,0.36211235284603704,0.9708677195280153,-0.524721858742226,0.690103426821271,-0.3078017812111513,436
1635,0.18289532536815734,0.606785729534295,-0.5522926225141387,0.33115656069346683,-0.319128301848596,885
1636,0.7006549603384875,1.6014742345695325,-0.3144663941283048,2.228075792584103,-0.19475186593240856,188
1637,0.45007579902798445,1.1147638538400555,-0.49186034490846287,0.9150479474244774,-0.28787432979173044,496
1638,0.17568211755922492,0.5930892149959607,-0.4274104301339561,0.411038442613962,-0.24383369423642243,605
1639,0.2061814506789037,0.7031803524407745,-0.5069727103786147,0.4066914184097293,-0.28504040701087474,302
1640,0.3217749268537067,0.8961938315538105,-0.5380077861716777,0.5980860038167342,-0.302131970976776,561
1641,1.022889672422684,2.0167058749954156,-0.29675660882235255,3.446897700044202,-0.20266416478075433,184
1642,0.07817158972921057,0.3943019264258349,-0.5246032027723312,0.14901088921322445,-0.2821723277012511,410
1643,0.39521528752169166,1.0216746242074977,-0.47662545440219795,0.8291946724024337,-0.3196084842275573,252
1644,0.31137992712734497,0.8623473158883529,-0.541317945711653,0.5752255760114953,-0.3111199659585582,506
1645,0.440119339533974,1.1030726579185801,-0.36237925181833985,1.2145268729529943,-0.24979458334493287,321
1646,0.2821615311352017,0.8398526411775411,-0.42113504225450793,0.6700024999693109,-0.3393862190451451,205
1647,0.26676184168870076,0.7988596616142057,-0.35413949619468776,0.7532676941011086,-0.30757860201907283,324
1648,0.30315765365982816,0.8498283246532722,-0.608941635628871,0.4978435303520489,-0.2969415390883897,333
1649,0.24912026364640694,0.7708721658475655,-0.3880417506302922,0.6419934536470971,-0.26506297678222257,236
1650,0.26078782629357367,0.8105629089787392,-0.43454147242687335,0.6001448488612563,-0.2364581052278274,370
1651,0.15528859967012676,0.5486334231002339,-0.5174155296877723,0.30012357720270527,-0.26740641454648073,959
1652,0.31917596021390504,0.8976137400100171,-0.4875596441377904,0.6546398252019848,-0.252320380689785,390
1653,0.41136092245989775,1.061249044824915,-0.4391665943604095,0.9366853666522446,-0.33191713677683876,430
1654,0.26004475293057894,0.7519689546095712,-0.45707755778802717,0.5689291642080062,-0.2792617306938687,318
1655,0.9109091649076186,1.8256599983331017,-0.42337054465919877,2.1515648086497716,-0.2751935854746488,146
1656,0.6275161930751629,1.435027116597528,-0.4003564463792967,1.56739375311733,-0.2629226920750618,194
1657,0.3098934753288265,0.8629969918949002,-0.5477440702552949,0.56576326820734,-0.25792847865749013,325
1658,0.8022240470714852,1.6740246740505882,-0.2810712842495029,2.8541658007274857,-0.27414360771558577,127
1659,0.1695327116251577,0.5968200171961425,-0.5901375126826947,0.2872766227899702,-0.25172006088348886,888
1660,0.22271672052160052,0.6888717387192699,-0.6825497811888176,0.32630106500611294,-0.3675468521980163,649
1661,0.26584848454578314,0.8053574568809838,-0.5042108230020144,0.5272566006476245,-0.21674058640234972,642
1662,0.10432623218922066,0.4329099179665854,-0.5398180433494526,0.1932618471622387,-0.3242197063601058,582
1663,0.17868524330933533,0.6204090359517362,-0.4714332516887282,0.3790255410904178,-0.30203896899746496,562
1664,0.374317551685716,1.027657292642198,-0.3591860843968878,1.0421270977527861,-0.2887341842634621,306
1665,0.2736824165324341,0.8141957312751932,-0.5261230700685304,0.5201870666815379,-0.24999482804727957,495
1666,0.3896085116124932,1.0346712009819843,-0.3689693863778075,1.055937229473971,-0.23186441638658783,230
1667,0.3703257902578181,0.9892707726500858,-0.5100960128949201,0.7259923247706414,-0.33651386274092865,431
1668,0.25161040348833597,0.766235310905087,-0.6435325223607123,0.39098319781156843,-0.3010338923650555,741
1669,0.10272600204869153,0.4308533581078867,-0.5237853324266879,0.19612233426385545,-0.30045399158687425,660
1670,0.14050776064522563,0.5180399573282064,-0.522535595000191,0.26889605605752903,-0.2831623816988633,408
1671,0.5112691692071456,1.1615572375750471,-0.4228563766924639,1.209084685458067,-0.3398410667174566,394
1672,0.21459976229554734,0.6807850021166043,-0.449069097594769,0.4778769312895315,-0.2693018399783206,266
1673,0.329562222779465,0.9128917915688664,-0.3752052670812148,0.8783518028496381,-0.2603159852217566,470
1674,0.18806600830990838,0.6328054188875019,-0.5088111546364364,0.36961848535786956,-0.2774741508712252,687
1675,0.3172414954127234,0.8802263816019807,-0.6254432397166245,0.5072266758474502,-0.3032524320455573,639
1676,0.5120001295044352,1.2952041140905166,-0.39870776419791176,1.2841488816613238,-0.2716869779480068,247
1677,0.16968251343766516,0.6268857612939779,-0.3868706918894832,0.4386026571538227,-0.26786831570951053,420
1678,0.3177904962577862,0.9384208753258445,-0.39658740382555524,0.8013126316981338,-0.29869300663666276,607
1679,0.48625368958537796,1.1965214023699524,-0.3495682508076009,1.3910121656128531,-0.26391638100072357,239
1680,0.28397297611919425,0.8435532260066861,-0.599398660394102,0.47376311440616714,-0.29738038886811224,757
1681,0.01755605246777825,0.23471143772192657,-0.6099264358405191,0.028783885131302506,-0.31416127243175096,509
1682,0.4125125916686465,1.0362274266035785,-0.354619320548093,1.163254700931339,-0.27125807309190375,235
1683,0.5438408777839081,1.2473022725165912,-0.4443166015906008,1.223994052522508,-0.31628559503241027,365
1684,0.20970835189781245,0.6820245069936856,-0.5529489208546059,0.3792544735844666,-0.2847196096445723,295
1685,0.2383432595736299,0.7083783529273339,-0.4859804857241157,0.4904379220463886,-0.323252135005192,304
1686,0.3386481714687828,0.9287599434604623,-0.43055189526014714,0.7865443752469502,-0.26373308217466707,319
1687,0.29971201512549284,0.8529550704943185,-0.5665819112958089,0.5289826751440624,-0.3310079229890719,285
1688,0.5496840498709459,1.341280420075223,-0.38801824990775435,1.4166448356530272,-0.24065059335834516,321
1689,0.16017652844672936,0.5800468573815571,-0.5173593950041114,0.30960398128163197,-0.336769442964003,202
1690,0.2420678004849648,0.748045395533116,-0.4757007740536233,0.5088656855069101,-0.37158733465880533,335
1691,0.26095626121553184,0.7639061129005887,-0.47331789387867174,0.5513340285470472,-0.2883086062416481,381
1692,-0.054137081711231105,0.059363261412037356,-0.7225352834600999,-0.07492655784500617,-0.3210094375003355,641
1693,0.29505396184545507,0.8372253838850697,-0.4827484252170794,0.611196114648695,-0.2710004095756908,697
1694,0.16201931006828318,0.5665372043128307,-0.4910623633772877,0.3299363220467423,-0.2919622596126884,442
1695,0.6202030466809165,1.4163967683039518,-0.4123895605796484,1.5039251861981393,-0.23675306560892295,438
1696,0.3923446933102326,1.0573345875833988,-0.3762532032420782,1.0427677158081263,-0.2835226262859455,407
1697,0.39918416476708884,1.0365756531808632,-0.5139575978550371,0.7766869610120631,-0.254965107463863,265
1698,0.2330674666857906,0.7229951061724611,-0.5359786952504046,0.434844647280063,-0.32811068182037495,414
1699,0.18102679175152225,0.6064036831036768,-0.6027140569258307,0.3003526957291444,-0.28123726133317084,767
1700,0.049597935998644704,0.3259273942859776,-0.6812093275358239,0.07280865659614212,-0.32860501306937306,946
1701,0.5432677227567493,1.2519091761479806,-0.40584916288367145,1.3385951541619074,-0.28642321575219676,175
1702,0.3896248213208582,1.0090252265217963,-0.41515037006072875,0.9385149319844358,-0.31176341340782654,380
1703,0.21270279684538052,0.6925947012383599,-0.42998134053613735,0.4946791332390484,-0.26396950539312647,348
1704,0.4516582786914145,1.1875322418704777,-0.5392122828345232,0.8376260947119823,-0.20325105346422723,352
1705,0.6024115044146081,1.3441040101376158,-0.4289575387328949,1.404361620952232,-0.312310146014943,159
1706,0.1788008914721233,0.6023200453848494,-0.6341943620130108,0.28193390257300194,-0.28404534122827896,399
1707,0.36338183769327626,0.994531249868471,-0.4044917925582291,0.8983664053973733,-0.2550618563868202,348
1708,0.19090947428606464,0.6554017064717529,-0.6038315335951853,0.3161634722012585,-0.3109486569507649,576
1709,0.1279870002555512,0.49525139010555197,-0.6843830120217818,0.1870107790628178,-0.32010625029948514,803
1710,0.3628559532350413,0.9806729476238035,-0.5099616331195211,0.7115357894973203,-0.27819762590862684,541
1711,0.2896874474725146,0.8256304832269584,-0.5287053679878421,0.5479184911154074,-0.3298381821801416,394
1712,0.16406142465167362,0.5690352064497322,-0.526700716271708,0.3114888960337764,-0.29302819859705465,395
1713,0.05292991777945599,0.34852716740444406,-0.7294077373022353,0.07256561052563129,-0.2859962085843176,972
1714,0.23278910456269375,0.7408855913040792,-0.5874353402916395,0.39628038797788834,-0.2806619218597268,712
1715,0.018105392808463128,0.24477978916558316,-0.652768327119028,0.02773632245358885,-0.30203896899746474,683
1716,0.16684559865697124,0.6004401497874957,-0.4184648191744865,0.3987087827027149,-0.2415265064828197,795
1717,0.4313811426069991,1.091665545229655,-0.39188238562902455,1.1007923765559753,-0.28104062635678595,246
1718,0.34715374449053704,0.9359220911717372,-0.5879803897220153,0.5904172155378583,-0.32121145307113697,953
1719,0.2245210890824345,0.6903846736362623,-0.4201816580687119,0.5343429080517332,-0.31284817375683294,504
1720,0.16176618580262359,0.575251129371025,-0.6578739365882423,0.24589237664825087,-0.41749166152192885,867
1721,0.3003559976779757,0.85945080221487,-0.5974667191993108,0.5027158635388007,-0.2816581183092688,400
1722,0.35513816654912667,0.9858520884864779,-0.40164481867046575,0.8842095056142227,-0.2636039881079322,311
1723,0.4779891301252841,1.251724233763021,-0.4078103313522241,1.1720868584676607,-0.27745453289758415,344
1724,-0.05824297625022978,0.040961911926545296,-0.6013093080896796,-0.09686026054588097,-0.254260841889173,1447
1725,0.38919029096767677,0.9883822416616793,-0.4035823397202586,0.9643392504177521,-0.3071759802993219,399
1726,0.2659881755792224,0.7716287265826948,-0.5152548808002577,0.5162264065623371,-0.3329188028761443,637
1727,0.7086805742531748,1.5800702685713715,-0.5044474284554636,1.404865074687842,-0.29955606957154446,251
1728,0.16817583813606585,0.6336780264190873,-0.47388371941404694,0.3548884066834239,-0.28403977219513843,323
1729,0.4879021316050278,1.2070667002867936,-0.47377854454492996,1.029810524817378,-0.3028743577994585,469
1730,0.10612691217658932,0.4545154041837529,-0.6281902589065796,0.1689407160838701,-0.3104048186782097,1342
1731,0.3165328019099074,0.8959472489822384,-0.49435183722195897,0.6402986255471068,-0.3268212579736113,688
1732,0.3746988887483482,0.9826544722033722,-0.41915710272381446,0.893934246404122,-0.3141880624452591,256
1733,0.29909845095866316,0.841331370230008,-0.46344706067618413,0.6453778140749645,-0.285394432527172,549
1734,0.2208035696865449,0.6953435598537968,-0.47499497864367546,0.4648545344985299,-0.27618772929488933,548
1735,0.42065641473875015,1.0758177502576995,-0.4318201095781041,0.9741473484172354,-0.34526049159876593,375
1736,0.19996152500975128,0.6586235457982397,-0.5607242267049911,0.3566129578256216,-0.3270621271715918,338
1737,0.5989162780002151,1.3792473886647594,-0.36824454046845734,1.626409117262979,-0.2926331146479615,246
1738,0.29077887304614647,0.8288924298858159,-0.46054669228863165,0.6313776168951636,-0.32112633543221436,489
1739,0.3221428119705789,0.9254684140690894,-0.46768856181090257,0.6887977134254328,-0.2603159852217565,310
1740,0.39995949777948425,1.0125108592665202,-0.44956098548195367,0.8896668320777571,-0.30879224748605283,549
1741,0.08959691302191453,0.41550995445936095,-0.7940310011784082,0.11283805404190168,-0.3791441846868002,1254
1742,0.5185139812997062,1.3088244408476237,-0.32266549717178217,1.6069706424906574,-0.28041600505412156,289
1743,0.2706801022024674,0.7789793712649936,-0.546099581151543,0.4956607028185094,-0.2961317079575999,756
1744,0.5282594570200361,1.2711196103257656,-0.2835725054045205,1.8628726232342798,-0.22860948144816717,181
1745,0.2652298070553518,0.8211700864703522,-0.5011621581850727,0.5292295172801252,-0.24528994353208855,538
1746,0.06201591094453818,0.3503498097487869,-0.5862445681063908,0.10578504999177002,-0.2922076394655301,935
1747,0.26808506201078797,0.8247226958955197,-0.4801653886679469,0.5583181719000977,-0.27652977440457105,364
1748,0.7058830739530804,1.5657203451025947,-0.350517951998063,2.0138285925993915,-0.20928450868778237,316
1749,0.33374698114497026,0.9347760112520299,-0.3138548687428112,1.063379970754762,-0.2580659979139278,190
1750,0.2810650746812191,0.79458570496937,-0.3676059671202566,0.764582460080886,-0.24207887700265596,195
1751,0.24137651142222416,0.7344598368060419,-0.43360753229875626,0.5566704760467938,-0.31697162432341575,386
1752,0.5782178601597676,1.3527152950696795,-0.4623355596429266,1.2506454416059622,-0.20666718086439384,328
1753,0.6097149773095949,1.4975833874706967,-0.514238602790213,1.185665514026632,-0.27169496078382305,345
1754,0.5766003943904341,1.357243353811867,-0.43657022737362505,1.3207506106387978,-0.27532971907179893,379
1755,0.2038370074023923,0.6480766323313225,-0.39782079259811887,0.5123839959976898,-0.3675468521980161,404
1756,0.6340880867691632,1.4887094277235553,-0.3450022861087896,1.8379243045630607,-0.2862278978574847,257
1757,0.16600969798540643,0.58722101822141,-0.5367615748068915,0.30928014555649047,-0.24697227618571016,490
1758,0.6298625056281761,1.459179071342865,-0.45909526326159,1.3719647228625051,-0.27891489440475903,537
1759,0.17495371065404153,0.6016843106399508,-0.48406468392424185,0.36142630616164206,-0.20645911441148057,359
1760,0.30460592670005915,0.8607764840656436,-0.5291272951917225,0.5756760792120714,-0.28610576091484496,390
1761,0.5844888725206385,1.330286539031416,-0.41285852516181565,1.4157122522577295,-0.2514479016611574,302
1762,0.5433387365700015,1.2719698257263747,-0.5253266898630473,1.0342873245439899,-0.30350779111290394,300
1763,0.005887134499461766,0.22609765290473138,-0.5915446493575706,0.009952138872112718,-0.21651806580714028,424
1764,0.0592283025818805,0.3737562441213789,-0.5208539978299114,0.11371382926626192,-0.27948450782056444,891
1765,-0.029286228093362565,0.13069554697677802,-0.7774485662818674,-0.03766966634644833,-0.32506680329088544,1352
1766,0.29046433248240544,0.8064272654655458,-0.5242376062904188,0.5540700037484397,-0.2517870361295189,743
1767,0.1600322194759849,0.5857380365532321,-0.5841698689074251,0.2739480894064148,-0.29573005552961684,857
1768,0.48705225328729607,1.2049536157262295,-0.3904124156404907,1.2475326956194848,-0.32520999101642223,175
1769,0.5515086925171493,1.268342159230543,-0.4838116949732778,1.1399242685681887,-0.32603913705261467,357
1770,0.41021567231687617,1.0643586180884097,-0.4359720451840473,0.9409219624246825,-0.2922419558756256,230
1771,0.3740512252301824,1.0235957032465475,-0.4354160134264593,0.8590663037094725,-0.27378472210712423,367
1772,0.3526146340679095,0.9361932045795018,-0.6545454676890676,0.5387167912304818,-0.3273987490353598,563
1773,0.23442017780647473,0.7432767157574404,-0.37739979882704333,0.6211454763225933,-0.2684529672670889,274
1774,0.6206376801018667,1.435359928625537,-0.32787880220971954,1.8928874813471204,-0.27844156512154783,214
1775,0.389266070592325,1.0507183413494412,-0.5111595585061628,0.761535344716892,-0.26802413740000275,275
1776,0.43280337612701936,1.0898029487682181,-0.42885244252721133,1.0092128042375725,-0.25015781662201,336
1777,0.07765704774595439,0.41111905728838627,-0.7519859005300922,0.103269286952338,-0.30764613756690373,902
1778,0.4967238080295098,1.214659164483115,-0.3762543701277289,1.3201808336761232,-0.23197841265459251,212
1779,0.10835352465942028,0.4578087536270645,-0.5962146321852742,0.18173576898352495,-0.29690003985955293,629
1780,0.22698261651222817,0.7138553697581365,-0.5704739094860253,0.3978843076569981,-0.2884304227854352,417
1781,0.14884750392533563,0.5478306176765696,-0.4817265370368137,0.30898755306469794,-0.29270975984098424,375
1782,0.6714266610711028,1.4967439668298252,-0.5244820510266461,1.2801709033832909,-0.2544442117223539,421
1783,0.15609460516966323,0.5620168550860971,-0.5464136448630683,0.28567113328361454,-0.3342922751608073,707
1784,0.07798391145430505,0.38835196139944966,-0.7252423516338402,0.10752807151791587,-0.32366156861536777,1001
1785,0.6939851464675122,1.5000252374815413,-0.4145264463267758,1.6741637418241728,-0.2580659979139278,147
1786,0.705904897041955,1.5300977105167177,-0.2287084141472323,3.08648415789165,-0.19528415990795578,162
1787,0.3421333797532893,0.9594069473078634,-0.4343983175656876,0.7876029117022387,-0.303726136548616,384
1788,0.19114210353497985,0.6315073725801489,-0.4999630075571021,0.3823124924160494,-0.32508596274731816,552
1789,0.12055746552339208,0.46047390287097556,-0.6016780417085604,0.2003687307269017,-0.2623873201337208,441
1790,0.3407920688810515,0.9588842875614509,-0.4816561400329695,0.7075422496591119,-0.3454975994812143,408
1791,0.38959210100954245,1.0298819613671943,-0.3973169969052571,0.9805573485255232,-0.25380653718319923,303
1792,0.38955513432233424,1.0282375156811543,-0.4954283905426978,0.7862995778171114,-0.26665440721162803,485
1793,0.4856398474667756,1.1927994967626794,-0.4452498045169162,1.090713218827084,-0.33502975293760895,320
1794,0.6113142697768188,1.3788322645719235,-0.4120896386213396,1.4834497460843523,-0.30790441093397114,486
1795,0.23501985317445984,0.7296776217474212,-0.5670620315272377,0.4144517532614439,-0.2810794157585096,364
1796,0.2748509502768164,0.8282337037937445,-0.4616885444444818,0.5953168073674553,-0.22849024486726077,455
1797,0.09950960095161077,0.44565485804080945,-0.4503282889470249,0.22097124119003933,-0.26115048627451054,612
1798,0.3808319146742585,1.0293044625058587,-0.4323007625877793,0.8809420376558554,-0.23079638529732538,526
1799,0.4658420779048891,1.1564279248755551,-0.3628679438798057,1.2837785364121113,-0.2909149718945795,210
1800,0.3083492543863797,0.8505013323051529,-0.43762283751461406,0.7046004640379003,-0.3187027480281238,700
1801,0.5473911035225436,1.242328181696465,-0.3423296955496571,1.5990172942596534,-0.31610321317348145,189
1802,0.20857037751642604,0.6539901678895562,-0.4610523629041089,0.4523789363157546,-0.24878880508592593,621
1803,0.5193050058335147,1.2726472271071128,-0.39695805634506054,1.308211277067778,-0.2856434327266394,191
1804,0.2899321705892164,0.883107803133202,-0.4537744053797308,0.6389346052838596,-0.2267393275388484,502
1805,0.8910016142353858,1.8005521654558003,-0.4370259920059345,2.038784032376927,-0.2986083905965313,284
1806,0.5067527249408021,1.207705046425693,-0.4040205873998649,1.2542745116086418,-0.3000457851558709,372
1807,0.841342107196877,1.7921675728596922,-0.33954186498084715,2.477874436026719,-0.2708553059363291,142
1808,0.028010863556722,0.2893105659072038,-0.622551383702848,0.04499365721447333,-0.3387003439951839,760
1809,0.4334567228360928,1.1164335798645724,-0.547388838817844,0.7918625519880857,-0.26062678040909126,594
1810,0.15126869818800337,0.5373249172239484,-0.42362179216885865,0.357084316681486,-0.32768756654697473,574
1811,0.4026891564835169,1.0707052433125006,-0.3509757397860628,1.1473418553914183,-0.18003355197590776,390
1812,0.2583624734801224,0.7811797104063379,-0.4132295074662109,0.6252275522731113,-0.2876905252281853,347
1813,0.2805026767340604,0.8249169305720686,-0.35335335212085206,0.793830524177748,-0.2563300027127007,461
1814,0.2846676351206743,0.7777003644183152,-0.7799566502890705,0.36497879082788726,-0.31506818945456716,359
1815,0.29672878283751536,0.8423328996507454,-0.45585554667130257,0.6509272180721615,-0.24704277079459547,658
1816,0.31792080920522703,0.8756018763110684,-0.5427744916558964,0.5857327750154843,-0.3355881266832125,468
1817,0.07912767924293806,0.3934962686337668,-0.698784104281925,0.11323623241866697,-0.3181674857875181,525
1818,0.3909172521317563,1.0452928211229608,-0.4205297372495841,0.9295828986755988,-0.31573627033094165,230
1819,0.7725627031586182,1.6526550784865943,-0.4463336835652051,1.7309083575937512,-0.25182374886100645,155
1820,0.3341603735856633,0.9012472808765496,-0.3987463288500914,0.8380274610911611,-0.2721200627858861,408
1821,0.3196637310993553,0.8704658734235546,-0.4983755571334285,0.6414113343318977,-0.35552052369414455,365
1822,-0.02103867703758122,0.18134588459398082,-0.5106951948235022,-0.0411961523249739,-0.3126350936491743,739
1823,0.5407162451687746,1.2593584182242745,-0.4320997115461517,1.251369141705668,-0.23060015591159888,375
1824,0.26829034176094324,0.7682691585327908,-0.5386289199621311,0.4980986571976226,-0.2818851134051138,332
1825,0.3546065053303413,0.9571563756228578,-0.5155661440740502,0.6878002161433812,-0.3754541821391896,462
1826,0.35213233930474486,1.0011900409655288,-0.36852418761801586,0.9555202918450999,-0.26816542102858953,217
1827,0.20175245604548375,0.654709912422997,-0.44859157049725007,0.4497464270713944,-0.2841079460111836,391
1828,0.3804395261809792,1.0168503843368597,-0.34419435599681436,1.1053043710702226,-0.30025260491938155,302
1829,0.6016959487187128,1.395813015675857,-0.45088813596589217,1.3344683541733922,-0.3545971604029089,378
1830,0.14865548858418975,0.5746119331377162,-0.4373252775825356,0.3399197261268171,-0.3019970888227941,465
1831,0.5930745315140948,1.3739175740424285,-0.2785762736755574,2.128948469620268,-0.231837099671393,141
1832,0.31687399603997335,0.9050920320846773,-0.43637836064590174,0.7261450718384729,-0.3459130972697949,276
1833,0.25513510970903686,0.7673322234669779,-0.6752765504260116,0.3778231445295706,-0.3150064176145265,796
1834,0.08168285038873901,0.39597519451927204,-0.5091999121604469,0.16041410934690237,-0.30629447329757475,736
1835,0.18628447672351522,0.6367895526043642,-0.621226573748515,0.2998655958959781,-0.26115933724981655,506
1836,0.6279834212310973,1.4322569597154484,-0.3564939323871006,1.761554304798654,-0.24281763207132268,222
1837,0.30030644892855496,0.8767353821543943,-0.43672121707568834,0.6876387892015531,-0.23795183635318473,299
1838,0.36891686469951046,0.964800829089074,-0.6132447329385348,0.6015817908973168,-0.2855435138412804,582
1839,0.2804746556834603,0.830530992368027,-0.43225023901500037,0.6488710250862972,-0.29021952497464154,516
1840,0.17645511739061126,0.609506697726486,-0.44370688681586323,0.3976839725362196,-0.3319943586643308,384
1841,0.3666266609654931,0.9936507339196269,-0.4542430567664687,0.8071156080520563,-0.284374400779804,229
1842,0.6960733789793145,1.5480201571954193,-0.40740902252166034,1.7085369751287407,-0.26103984508966704,268
1843,0.5828489228042422,1.3754789624714647,-0.5792834902122534,1.006154901101501,-0.31980646409763447,694
1844,0.42816049461502304,1.1004152956087518,-0.38407345419186956,1.1147880436462791,-0.30360284627601286,428
1845,0.7026555295377623,1.6312477480660876,-0.3548817131386901,1.979971081978969,-0.2766746341305881,233
1846,0.39875261369323733,1.026729839371131,-0.36929228075665566,1.079775111670949,-0.27626835012828865,274
1847,0.15332017231775952,0.548811136826761,-0.6560321230902194,0.23370833061580812,-0.3164319404932976,658
1848,0.3549086433872801,0.9512474123078036,-0.33008077594274543,1.0752175505332708,-0.2551168804443996,347
1849,0.47498997541474686,1.1920546505270184,-0.3769983222394857,1.259925966230196,-0.31812818018540057,269
1850,0.49221180148453336,1.2084482851813434,-0.47511861990500537,1.0359766611187446,-0.2997031260381524,328
1851,0.31509577349136353,0.902416369560549,-0.4750660294317116,0.6632673227936139,-0.3069143880630525,662
1852,0.39242919623889483,0.9806867223923823,-0.4410339771631695,0.8897935682032672,-0.33308552509317757,322
1853,0.16590135610180456,0.5903688505707481,-0.44484107334500766,0.37294522930245605,-0.32294115342903773,336
1854,0.4168484520308544,1.0705967564374124,-0.5034501039938901,0.8279836447027793,-0.3265500008447574,360
1855,-0.011581754967623037,0.16988502664419058,-0.6234734583152741,-0.018576179648318644,-0.28271667647507026,1369
1856,0.4914515901666494,1.2003504558208296,-0.4258012897080772,1.154180605003759,-0.31576280577184557,415
1857,0.34843061459984925,0.9550294663918961,-0.4790397125639718,0.7273522538140702,-0.2998152240586516,461
1858,0.3067649708497244,0.8625174427847734,-0.45108858066670177,0.6800548362282429,-0.334667831592393,337
1859,0.020827514600199937,0.25851960331535984,-0.5580702433112821,0.03732059691378797,-0.32445146190456897,796
1860,0.34685122835763393,0.9784203407694768,-0.36032286174499406,0.9626123268389942,-0.2940593048390635,281
1861,0.30395673591042893,0.8585545523001215,-0.48750112665857837,0.623499555772935,-0.363294616928566,370
1862,0.016066422320930807,0.23784390809415856,-0.6386127338021514,0.025158318133237136,-0.3588045321205362,916
1863,0.13418702288089657,0.5017415711137725,-0.6585692608754592,0.20375536918093787,-0.2829337741562954,394
1864,0.02950199957478561,0.27134827549040813,-0.6867003430331495,0.04296197005592793,-0.376072266930919,782
1865,0.21975083616057622,0.6952833388826705,-0.5177864665829008,0.4244043642368794,-0.26139518354090796,485
1866,0.07553344041843868,0.373787111838296,-0.6502674082921645,0.11615750605864839,-0.27762949043723806,1127
1867,0.29939139771705126,0.8537540335604505,-0.4489698898079656,0.6668407047187677,-0.3020389689974651,448
1868,0.19906036768792545,0.6334592602066715,-0.5465834226955322,0.3641902762184752,-0.29607463215954466,835
1869,0.7467094606115368,1.5764625857531738,-0.4139900939228085,1.8036891982994314,-0.313944481520116,263
1870,0.11725923778759562,0.4838544662184363,-0.5821233231583371,0.20143367070640664,-0.29542542998608134,813
1871,0.5064119632349768,1.2046961598136452,-0.6317697128660147,0.8015768292177949,-0.30938417880603,431
1872,0.31785872952922856,0.8954636420796097,-0.502059770847865,0.6331093387395634,-0.27218940273485415,502
1873,0.38974515676160904,1.0164483163207951,-0.30069046079127826,1.2961673467657737,-0.24633414308746404,167
1874,0.6075726856989196,1.4432995874953691,-0.37532611591628384,1.6187860634628426,-0.28203163581085566,156
1875,0.6216162303612813,1.4097886315900547,-0.5153132203399902,1.2062881483055203,-0.30853051268966136,252
1876,0.20059066960724858,0.630884642930614,-0.5115854330517222,0.39209613223480605,-0.3041295821863934,399
1877,0.311352749634596,0.8745615954262524,-0.46755359696314647,0.6659188415122759,-0.28084475249931096,366
1878,0.48462397847742,1.1656355403217677,-0.3432497146800366,1.4118700111059574,-0.2615797786132784,364
1879,0.20261824195453837,0.6557291243175367,-0.6479119175568129,0.31272498076371863,-0.29026190030501575,1153
1880,0.5038227195317153,1.2599450537462809,-0.46443345035011474,1.0848114388657983,-0.34922971481298326,195
1881,0.6489522707351567,1.445545775924372,-0.3295672584583089,1.9691041936960214,-0.24221526506079372,261
1882,0.3863275085428055,1.0485782295161659,-0.2754793498190147,1.4023828239634522,-0.24167024435308115,228
1883,0.43723517827022795,1.0825607492427358,-0.4064179823039785,1.075826359334661,-0.32543662620628977,440
1884,0.4396805931796126,1.092495347955094,-0.24798610139499921,1.7730049817561229,-0.22026122032857387,140
1885,0.3775492031547838,1.0322490818561478,-0.5523876228496565,0.6834859934172375,-0.3169636887112398,564
1886,0.4769711602683273,1.1668173641282171,-0.4607648242273218,1.0351726850420553,-0.2771941756222407,326
1887,0.2404432161847212,0.7277482021739902,-0.6260215638379826,0.3840813640837284,-0.30501326657245287,459
1888,0.21836267240309137,0.6905206849366398,-0.5692604869091731,0.3835900741832652,-0.31246288803345357,666
1889,0.15217220897140016,0.5454181768068974,-0.7387785790855697,0.20597810125972085,-0.3038881345895048,563
1890,0.8925644056796793,1.7668167002731876,-0.4083646889098459,2.18570417550654,-0.338414956037709,140
1891,0.6040459793778488,1.3428963793024653,-0.5159032109844964,1.1708513661412376,-0.289862043388302,589
1892,0.47476687794680217,1.1431215015603489,-0.39704897330010547,1.1957388379593024,-0.2907418709639993,436
1893,0.365559778983811,0.9900274935474139,-0.39057878132283497,0.9359437748914875,-0.23047224854440096,385
1894,0.07884998273339217,0.3737457143046319,-0.6204217707681082,0.1270909346649338,-0.25164915703693314,1352
1895,-0.048073049996980366,0.10234568883242867,-0.7659225243634257,-0.06276489914816762,-0.30543269240509585,1446
1896,0.36659297190578854,0.9963368996623343,-0.5085362621421791,0.7208787242851419,-0.2665174349395497,406
1897,0.42444997192561695,1.1048631929430273,-0.5215747237811796,0.8137855470613062,-0.30163456402956423,468
1898,0.3163970463446639,0.8759133601749564,-0.6702388898977036,0.4720660813832432,-0.3343389002677081,334
1899,0.27197690993131474,0.8010499476719349,-0.39866735454004054,0.6822151521413286,-0.2720713638293304,254
1900,0.7325669204993572,1.5921159190613041,-0.33262421055616287,2.2023860478299877,-0.2891776490332616,224
1901,0.4751187627562319,1.1440363374708336,-0.4322868476186411,1.09908216123979,-0.2823592937189665,199
1902,0.10511318160155714,0.4517390818892613,-0.5866403293831004,0.17917823977784159,-0.3221039464459825,725
1903,0.5573030062945419,1.3370175773742123,-0.4328625325704367,1.2874826633415213,-0.27767775848299503,188
1904,0.19841784321923672,0.6448216674794461,-0.5243938369587544,0.37837562006824854,-0.3308769103264523,788
1905,0.5171694493411811,1.2770295491269201,-0.4192687085191237,1.2335035714156857,-0.3020389689974652,343
1906,0.0896205356387274,0.41567637154315,-0.6761185251695552,0.13255151619496391,-0.33467659235438285,239
1907,0.17109753688822305,0.5967775803747472,-0.5018178664848805,0.34095545080274287,-0.256201537603165,508
1908,0.10893927227501221,0.46208669434100014,-0.625254895612831,0.17423177817462362,-0.32319893425945556,793
1909,0.4015350350508591,1.0717186739688394,-0.38030506728275504,1.0558235206272433,-0.3040960504254412,345
1910,0.42236850801685466,1.0643600767856327,-0.6122602049303312,0.6898513158550225,-0.2915081417524623,544
1911,0.3307198390123074,0.9053020076176818,-0.36444655155669303,0.9074577262418159,-0.3186844364655669,315
1912,0.7921851975734313,1.6801309798414448,-0.4311653438319789,1.8373118547351024,-0.3357762779934559,270
1913,0.2507128482456755,0.7731090724091817,-0.42338372393606694,0.5921645875162042,-0.24162106401518413,337
1914,-0.12513438574040103,-0.12300041980366432,-0.6553998518276174,-0.19092830947620318,-0.36395772609877686,1348
1915,0.5955940567985702,1.3726304263263347,-0.35994973113980744,1.6546589850548787,-0.27054357851274635,272
1916,0.15991447549593452,0.5679945227530916,-0.520865433253709,0.3070168709353411,-0.3209409665726978,1049
1917,0.5010650443046736,1.245566388595347,-0.413855892681102,1.2107234744408264,-0.3328400770734766,430
1918,0.3490299959581733,0.9646952354498834,-0.6011780243389122,0.5805767706528953,-0.29633411193287107,565
1919,0.2834393080883515,0.8194859526954872,-0.7191605171839364,0.39412523534833815,-0.295090122751303,908
1920,0.05872660933511509,0.3332206040740985,-0.612151524973836,0.09593475951501572,-0.26396950539312625,776
1921,0.20583000211621205,0.6712033048197931,-0.3715359375689601,0.5539975579832256,-0.31355290227206845,509
1922,0.38826251741864737,1.0276859502828009,-0.514127257463664,0.7551875761928221,-0.22121869545400186,470
1923,0.477629668672376,1.162074007207084,-0.42359007455790476,1.127575213302322,-0.25447290753714824,198
1924,0.42818452069614144,1.1187835219143873,-0.3839013522381489,1.1153503841542136,-0.2445071358160158,574
1925,0.2981636708386295,0.8573808462643259,-0.4218884925212094,0.70673572786212,-0.3045300676611914,325
1926,0.27725841311440935,0.8140665258350008,-0.4061965159537978,0.6825721103574056,-0.3017564731603155,340
1927,0.4238969848166485,1.0985497097045263,-0.34903561202463074,1.2144806151950334,-0.27856261617999645,201
1928,0.49533168286693585,1.2575706924267667,-0.46841481610990765,1.057463739043456,-0.25934666182209265,495
1929,0.043365833558062006,0.3000005400978308,-0.5502631864332808,0.07880925823723099,-0.29469080060321706,705
1930,0.012956049826972738,0.24032254419380886,-0.483920062085759,0.026773119864323174,-0.30779840206638953,721
1931,0.17353492669392856,0.617890423051372,-0.647082838781286,0.2681803878785655,-0.26621807101418316,441
1932,0.4403500856235356,1.1241095476149423,-0.6548452380936549,0.6724490917967971,-0.2969414184911212,583
1933,0.25686467209707087,0.7860077551135217,-0.4280715468575872,0.6000507952062644,-0.24617529826914775,510
1934,0.4203874196518582,1.088701132769578,-0.5553036586607605,0.7570406084946693,-0.317545702472275,835
1935,0.334601748753645,0.9504956964304611,-0.49138698599481545,0.6809332731436549,-0.29571781292094934,506
1936,0.5902845799769132,1.3740799639434704,-0.3802907525953726,1.55219283127027,-0.21427568373802286,279
1937,-0.026789515200134728,0.1452810254048211,-0.6973426126687723,-0.03841657560206974,-0.3072926466401118,1434
1938,0.44229778869597736,1.1626737793353257,-0.39528765189330684,1.1189263984784406,-0.27840797090300384,347
1939,0.19062935270086956,0.6610480949455083,-0.6347134672612056,0.3003392279093068,-0.3007032371090389,898
1940,0.31847955842521314,0.8567809214563749,-0.471596881604024,0.6753215953039831,-0.3191402731621005,385
1941,0.3070856413696401,0.8569859977729234,-0.39607884665044835,0.7753144202640353,-0.2996873472492392,314
1942,0.17704475776514816,0.6315947289149596,-0.5660771285765008,0.31275730607657287,-0.359811541544765,551
1943,0.40151905407274646,1.0210678302983172,-0.44692205741310587,0.8984095714515343,-0.30807300694598827,340
1944,0.14015711829973743,0.5235251758556184,-0.4367055092140074,0.3209419513667126,-0.28447270670010727,422
1945,-0.07918424623009834,-0.025956584132868065,-0.6099959005827872,-0.12981111209836999,-0.37591096497965215,874
1946,0.4095601075767139,1.0856460788500366,-0.4010422387064593,1.021239331043355,-0.2441867296696052,423
1947,0.17337364413709166,0.6001450751726867,-0.6941562859480146,0.24976168572804025,-0.40966469569690434,1010
1948,0.4935854872695502,1.2301799309444197,-0.47516347861092456,1.0387698328846313,-0.3309042718319831,159
1949,0.41386091874754927,1.0552166096661721,-0.521547215688036,0.7935253152518038,-0.2537634837579049,445
1950,0.2572632644112649,0.7456743618652647,-0.5568794461585387,0.4619729928729033,-0.29152669852712654,627
1951,0.18913440061595543,0.641406765371005,-0.46472705710069107,0.40697953288090183,-0.24702493260461023,880
1952,0.03434607581938409,0.3074584693261942,-0.8447414579326618,0.04065868378644437,-0.35956579912613307,1298
1953,-0.0014333876097929465,0.19113614315450633,-0.7588371793992423,-0.0018889264373257693,-0.26509890890740373,1316
1954,0.45302920056219986,1.1353391294491049,-0.46099810918248174,0.982713793263895,-0.22350691173553705,537
1955,0.38235517434900657,1.0085428798846092,-0.4078691797929054,0.9374456156337836,-0.3365138627409284,281
1956,-0.04722473074555944,0.09152205797507648,-0.7239197638787914,-0.06523475818995107,-0.3007391382744471,1231
1957,0.515290777703435,1.190367279409332,-0.5924015157349056,0.8698336584507036,-0.2874122245110112,262
1958,0.545237399381989,1.324103611133319,-0.2887700262559192,1.8881370980614813,-0.21261649644416125,163
1959,0.4883231094314806,1.2476893710075154,-0.41076737798867446,1.1888069393985432,-0.27151007932532034,279
1960,0.1686785637252488,0.5901929531814964,-0.6352855655331515,0.26551612830001653,-0.3369610515482655,330
1961,0.22330488228299417,0.7253470894270028,-0.495852884261234,0.450345030493659,-0.29308833420283986,750
1962,0.4797746923849717,1.1977773052476217,-0.40292671428441373,1.1907244552822411,-0.3175107909146102,263
1963,0.6933211294491832,1.5237032518273654,-0.3578001422353001,1.9377329620881885,-0.25283891870205855,204
1964,0.3368377206060629,0.909631962442333,-0.5105280712218507,0.6597829572816761,-0.311047428662484,308
1965,0.20601190247220247,0.6708409273171446,-0.6440157934773155,0.31988641359221404,-0.300607721937569,852
1966,0.47316184328118593,1.2098357502841601,-0.45389361439269493,1.0424509803123618,-0.2850550324726041,358
1967,0.27353177941302786,0.7968722927274892,-0.47388305070586856,0.5772136796316958,-0.3289938280537291,336
1968,0.30193219752316414,0.8582233106145114,-0.3889030270099525,0.7763688543248014,-0.29368892403680746,273
1969,0.2680953159640178,0.8225920155968691,-0.4893563639083789,0.5478529262862774,-0.30199708882279397,229
1970,0.3029854244693275,0.8528136899156701,-0.4278984362432917,0.7080778960759231,-0.2690169880135107,271
1971,0.6255011228558267,1.4326482609854547,-0.4660889077052739,1.34202104473028,-0.2541099353289309,273
1972,0.23457795635725898,0.7397061529368484,-0.5975441235721616,0.3925701000202883,-0.2595276102050813,769
1973,0.024936495305194706,0.2636228285727022,-0.49916004431130034,0.04995691379825886,-0.37405870423087184,639
1974,0.42020228773467316,1.071171539497618,-0.5748413386180564,0.730988291038459,-0.36411329855927566,874
1975,0.38771436579697527,1.0165214789234487,-0.44017424401851024,0.8808202003311013,-0.28199506006948194,291
1976,0.13107510744544681,0.496961910410556,-0.42801361430485363,0.3062405097985698,-0.257664806759775,636
1977,0.5658767509858118,1.354130699909797,-0.43368454668256606,1.304811885307971,-0.30203896899746474,263
1978,0.5925452995505307,1.4238052532916947,-0.2888658834954341,2.0512816964759244,-0.23183967043655507,403
1979,0.30343320369367843,0.8829043482103213,-0.4513653424138293,0.6722563191736575,-0.2723196056605548,251
1980,0.19135123674318666,0.6343365160978208,-0.5298723601912911,0.3611270394894843,-0.30953617918706644,373
1981,0.5281344836656432,1.2832131975375822,-0.27749839963589595,1.9031983044176306,-0.20941066870698533,133
1982,0.2281186459364284,0.7160107126341377,-0.43653623950236764,0.5225651968699637,-0.27074768620313816,467
1983,0.2495268413499987,0.7562524513601921,-0.4337396104548953,0.5752918002769015,-0.3202749280627436,322
1984,0.18700903003953329,0.6355088748515683,-0.46609514837306554,0.40122500886846835,-0.27601611457317365,657
1985,0.7958759216241935,1.6611711149334147,-0.31896147556716636,2.4952101823864283,-0.24076502997496163,216
1986,0.42153733706389285,1.0834533049266732,-0.502353094804446,0.8391255899955931,-0.3599303413934877,416
1987,0.5180736454108665,1.3056218691613877,-0.51506631987559,1.0058387151697337,-0.24253764570403213,433
1988,0.22846924090919907,0.7359904949675548,-0.6150466325978794,0.37146653408079616,-0.29821015909329573,575
1989,0.028293947766059313,0.2750662287140144,-0.6447157959250148,0.04388592298326456,-0.3097197851849509,960
1990,1.1273590939678781,2.1061889541046077,-0.29028593831360217,3.8836159288913534,-0.21682503111047746,120
1991,0.19318527496052695,0.6526012611025644,-0.5247987181667961,0.36811308464196196,-0.27433460823522837,439
1992,0.6204310425674515,1.4128837424562548,-0.3177378319649965,1.952650833961129,-0.24979412439586457,201
1993,0.10201080133610185,0.43111808313901506,-0.5974407922214942,0.1707462943010469,-0.2878599359972054,525
1994,0.2357522843263402,0.7081117530688986,-0.5733117979345859,0.41121129056764893,-0.26840487680050173,650
1995,0.42070138953545766,1.0769969846051495,-0.450076566672866,0.9347329336549098,-0.27799707028220144,268
1996,0.27700139337177876,0.7923175352699519,-0.38076758027461877,0.7274815602000535,-0.3057350969750674,273
1997,0.07711097170438164,0.38763189402710435,-0.544423546550374,0.14163783361865812,-0.35877159104971645,775
1998,0.054197947405437485,0.34582595004540545,-0.6654439733933083,0.08144629686713532,-0.2673621253046453,952
1999,0.29269040625223375,0.8155448114381344,-0.30298426822127345,0.9660250942087794,-0.25021633170539137,290
